customer_id,churn_probability,churn_prediction
CUST008425,0.1852,0
CUST018685,0.1483,0
CUST014204,0.312,0
CUST018747,0.1943,0
CUST010805,0.13,0
CUST009022,0.3864,0
CUST007853,0.3047,0
CUST007815,0.6017,1
CUST017733,0.5123,1
CUST002398,0.0151,0
CUST000509,0.2507,0
CUST011907,0.1759,0
CUST014879,0.1891,0
CUST018138,0.1024,0
CUST005135,0.1418,0
CUST011933,0.1249,0
CUST009136,0.0818,0
CUST000039,0.1278,0
CUST005590,0.3904,0
CUST007864,0.3193,0
CUST013624,0.8334,1
CUST003783,0.2858,0
CUST019785,0.1432,0
CUST017928,0.1472,0
CUST010119,0.229,0
CUST000969,0.6142,1
CUST001563,0.1993,0
CUST001930,0.1899,0
CUST004313,0.5999,1
CUST014843,0.21,0
CUST006924,0.1527,0
CUST017581,0.5388,1
CUST009090,0.6405,1
CUST007835,0.1716,0
CUST009408,0.1999,0
CUST015252,0.1472,0
CUST006866,0.6085,1
CUST009425,0.5034,1
CUST011897,0.1415,0
CUST004505,0.164,0
CUST014755,0.2222,0
CUST007110,0.2523,0
CUST017081,0.1644,0
CUST000393,0.8507,1
CUST012664,0.2287,0
CUST012633,0.1857,0
CUST011608,0.2148,0
CUST003086,0.4341,0
CUST007231,0.2123,0
CUST017603,0.1434,0
CUST001696,0.1628,0
CUST010841,0.1369,0
CUST002382,0.3008,0
CUST008986,0.1431,0
CUST017638,0.2681,0
CUST010015,0.1275,0
CUST010628,0.5847,1
CUST019044,0.1352,0
CUST019035,0.1166,0
CUST004530,0.8012,1
CUST014954,0.1184,0
CUST010330,0.196,0
CUST007235,0.1531,0
CUST013127,0.1594,0
CUST017389,0.1364,0
CUST016149,0.5163,1
CUST001107,0.1477,0
CUST014076,0.1357,0
CUST015990,0.7489,1
CUST018393,0.1199,0
CUST006925,0.1111,0
CUST012356,0.1657,0
CUST016966,0.1386,0
CUST011416,0.1443,0
CUST015105,0.6864,1
CUST006800,0.1441,0
CUST016831,0.0138,0
CUST003291,0.3957,0
CUST004676,0.1449,0
CUST005985,0.121,0
CUST012593,0.1186,0
CUST000138,0.1668,0
CUST006545,0.2768,0
CUST000655,0.1342,0
CUST003584,0.6522,1
CUST018659,0.5585,1
CUST005641,0.16,0
CUST003388,0.1859,0
CUST013536,0.3184,0
CUST005439,0.1054,0
CUST006905,0.2479,0
CUST017982,0.1071,0
CUST016895,0.1497,0
CUST008973,0.5545,1
CUST014450,0.1142,0
CUST002711,0.6567,1
CUST018784,0.243,0
CUST003105,0.2666,0
CUST016733,0.6469,1
CUST010142,0.176,0
CUST017922,0.4215,0
CUST017308,0.1133,0
CUST002931,0.1244,0
CUST017883,0.0987,0
CUST016204,0.1019,0
CUST001520,0.1318,0
CUST017075,0.3086,0
CUST010798,0.554,1
CUST011275,0.1726,0
CUST019372,0.1472,0
CUST008920,0.3432,0
CUST006659,0.0946,0
CUST010905,0.0956,0
CUST009592,0.2894,0
CUST013311,0.8522,1
CUST010858,0.4063,0
CUST015833,0.2131,0
CUST010240,0.134,0
CUST014771,0.1325,0
CUST017423,0.1018,0
CUST006066,0.1292,0
CUST011999,0.2951,0
CUST013438,0.0832,0
CUST007288,0.4993,0
CUST011462,0.7526,1
CUST000628,0.1462,0
CUST007763,0.2514,0
CUST011544,0.1709,0
CUST012556,0.0531,0
CUST010903,0.1336,0
CUST005257,0.1825,0
CUST004699,0.0988,0
CUST001328,0.1003,0
CUST018973,0.1077,0
CUST010766,0.8896,1
CUST002424,0.1566,0
CUST000960,0.1473,0
CUST008199,0.118,0
CUST004692,0.5533,1
CUST010882,0.8045,1
CUST001512,0.1319,0
CUST001870,0.1047,0
CUST003172,0.1248,0
CUST015920,0.1412,0
CUST018180,0.6345,1
CUST010810,0.157,0
CUST008160,0.7509,1
CUST002033,0.2614,0
CUST000957,0.2977,0
CUST004304,0.1833,0
CUST007981,0.0795,0
CUST001905,0.1074,0
CUST004491,0.0943,0
CUST016928,0.1266,0
CUST002957,0.0918,0
CUST007840,0.1639,0
CUST003240,0.2056,0
CUST004107,0.4881,0
CUST005730,0.122,0
CUST011892,0.8833,1
CUST017722,0.2775,0
CUST018522,0.1049,0
CUST014412,0.103,0
CUST018684,0.565,1
CUST005942,0.053,0
CUST001846,0.1687,0
CUST018603,0.0231,0
CUST016562,0.806,1
CUST010761,0.1152,0
CUST005542,0.1399,0
CUST000279,0.118,0
CUST001588,0.151,0
CUST012239,0.3012,0
CUST019088,0.022,0
CUST007278,0.1276,0
CUST009004,0.1677,0
CUST010356,0.0323,0
CUST011522,0.1602,0
CUST007497,0.1696,0
CUST010802,0.5638,1
CUST017508,0.1144,0
CUST018890,0.2391,0
CUST018413,0.3088,0
CUST009019,0.2959,0
CUST012806,0.1292,0
CUST011604,0.0989,0
CUST018435,0.1574,0
CUST014160,0.495,0
CUST016791,0.1788,0
CUST006191,0.2972,0
CUST009759,0.1299,0
CUST009748,0.1497,0
CUST005963,0.0141,0
CUST003319,0.2813,0
CUST012796,0.2591,0
CUST008334,0.6016,1
CUST000369,0.171,0
CUST003114,0.0201,0
CUST016447,0.288,0
CUST002881,0.6777,1
CUST005863,0.1383,0
CUST014422,0.1034,0
CUST000246,0.1447,0
CUST017500,0.1766,0
CUST010475,0.404,0
CUST006213,0.2194,0
CUST013181,0.1104,0
CUST003958,0.3311,0
CUST015683,0.27,0
CUST014973,0.0215,0
CUST002609,0.1392,0
CUST010373,0.6535,1
CUST017178,0.1259,0
CUST000114,0.3761,0
CUST009114,0.2458,0
CUST004055,0.2453,0
CUST001086,0.1211,0
CUST009852,0.1025,0
CUST013516,0.1318,0
CUST009488,0.1537,0
CUST009320,0.2193,0
CUST004773,0.1322,0
CUST006132,0.0869,0
CUST005040,0.3352,0
CUST006607,0.2207,0
CUST015982,0.3757,0
CUST002448,0.2557,0
CUST015807,0.1413,0
CUST015111,0.1092,0
CUST004918,0.101,0
CUST000040,0.2262,0
CUST008379,0.1658,0
CUST012072,0.292,0
CUST013075,0.6457,1
CUST014048,0.2107,0
CUST016668,0.2581,0
CUST008254,0.1471,0
CUST012918,0.1221,0
CUST011922,0.1671,0
CUST011248,0.1256,0
CUST011259,0.6341,1
CUST012463,0.1458,0
CUST007962,0.4735,0
CUST007619,0.1299,0
CUST012954,0.3824,0
CUST017735,0.126,0
CUST002465,0.0934,0
CUST004991,0.15,0
CUST006033,0.3829,0
CUST001906,0.1166,0
CUST003369,0.1514,0
CUST019914,0.2326,0
CUST005333,0.4947,0
CUST014271,0.1362,0
CUST010024,0.1809,0
CUST017448,0.1638,0
CUST019678,0.3343,0
CUST018371,0.1109,0
CUST001706,0.3708,0
CUST004566,0.2303,0
CUST016023,0.1439,0
CUST007681,0.1242,0
CUST013677,0.1911,0
CUST010871,0.5451,1
CUST019591,0.1199,0
CUST019487,0.1514,0
CUST004853,0.857,1
CUST017195,0.4682,0
CUST009523,0.2151,0
CUST008479,0.2857,0
CUST007365,0.1738,0
CUST005882,0.1425,0
CUST008445,0.1275,0
CUST010564,0.1399,0
CUST015905,0.1265,0
CUST000074,0.1932,0
CUST008881,0.8212,1
CUST005248,0.1214,0
CUST002411,0.1273,0
CUST019116,0.1759,0
CUST015353,0.291,0
CUST006085,0.1697,0
CUST018892,0.1448,0
CUST014352,0.2605,0
CUST019503,0.0307,0
CUST019504,0.1149,0
CUST008105,0.2559,0
CUST018985,0.1514,0
CUST018545,0.1533,0
CUST003378,0.1069,0
CUST017821,0.1682,0
CUST010445,0.0732,0
CUST001907,0.6525,1
CUST005889,0.306,0
CUST018591,0.1177,0
CUST015593,0.2691,0
CUST006297,0.2119,0
CUST019551,0.0927,0
CUST015784,0.1287,0
CUST015788,0.4949,0
CUST017402,0.49,0
CUST013246,0.1408,0
CUST019298,0.4867,0
CUST013593,0.1086,0
CUST008462,0.2796,0
CUST000848,0.1005,0
CUST019102,0.5309,1
CUST011302,0.1516,0
CUST006068,0.2052,0
CUST012565,0.2351,0
CUST004249,0.1927,0
CUST009181,0.1364,0
CUST007648,0.2037,0
CUST013931,0.1896,0
CUST014236,0.1806,0
CUST019285,0.1227,0
CUST002253,0.1479,0
CUST010311,0.0239,0
CUST011699,0.2548,0
CUST009631,0.1648,0
CUST006565,0.1333,0
CUST019696,0.1327,0
CUST014849,0.2686,0
CUST006138,0.1885,0
CUST016710,0.202,0
CUST012444,0.4371,0
CUST001719,0.6899,1
CUST004564,0.7717,1
CUST014157,0.2246,0
CUST014956,0.0956,0
CUST003135,0.4246,0
CUST016116,0.0136,0
CUST006283,0.1432,0
CUST011521,0.1152,0
CUST018736,0.1197,0
CUST007460,0.1018,0
CUST015335,0.128,0
CUST008867,0.2841,0
CUST019779,0.8181,1
CUST013792,0.2665,0
CUST015300,0.1142,0
CUST015870,0.1304,0
CUST006890,0.1248,0
CUST011100,0.1677,0
CUST016467,0.1514,0
CUST008043,0.3261,0
CUST001885,0.6632,1
CUST018342,0.1043,0
CUST010976,0.1441,0
CUST011732,0.116,0
CUST008200,0.2446,0
CUST013125,0.2136,0
CUST012931,0.1275,0
CUST000781,0.1568,0
CUST003839,0.1746,0
CUST002560,0.1282,0
CUST008912,0.5887,1
CUST000372,0.1341,0
CUST015674,0.2404,0
CUST012230,0.1343,0
CUST002336,0.5381,1
CUST013574,0.2627,0
CUST002293,0.147,0
CUST007944,0.2393,0
CUST009202,0.8748,1
CUST013208,0.1566,0
CUST017717,0.3829,0
CUST003933,0.1432,0
CUST013348,0.1047,0
CUST007721,0.427,0
CUST003534,0.1337,0
CUST007119,0.2343,0
CUST019389,0.1727,0
CUST016770,0.1022,0
CUST000292,0.1607,0
CUST002716,0.2937,0
CUST017383,0.5134,1
CUST008626,0.0979,0
CUST001944,0.1086,0
CUST008134,0.2533,0
CUST013317,0.1405,0
CUST000754,0.1327,0
CUST003216,0.3933,0
CUST015874,0.0963,0
CUST008893,0.0336,0
CUST000147,0.1085,0
CUST015481,0.8247,1
CUST014930,0.0929,0
CUST005197,0.103,0
CUST011594,0.1413,0
CUST012378,0.2498,0
CUST006181,0.1315,0
CUST003626,0.1201,0
CUST002991,0.4677,0
CUST005819,0.1629,0
CUST003420,0.1152,0
CUST013381,0.014,0
CUST006882,0.1313,0
CUST004926,0.1965,0
CUST002807,0.3545,0
CUST011725,0.096,0
CUST002730,0.28,0
CUST000329,0.2153,0
CUST000109,0.2048,0
CUST014300,0.1385,0
CUST015036,0.1211,0
CUST006184,0.0146,0
CUST014395,0.1326,0
CUST016413,0.2932,0
CUST005915,0.1964,0
CUST002738,0.3273,0
CUST010885,0.1188,0
CUST018889,0.1777,0
CUST016521,0.5082,1
CUST009879,0.1278,0
CUST013241,0.0885,0
CUST012110,0.288,0
CUST015162,0.3354,0
CUST014809,0.1574,0
CUST009198,0.1229,0
CUST001475,0.22,0
CUST005428,0.0141,0
CUST001406,0.8058,1
CUST018720,0.096,0
CUST002381,0.1177,0
CUST016640,0.173,0
CUST016253,0.1009,0
CUST015273,0.4546,0
CUST014859,0.1889,0
CUST016512,0.3187,0
CUST012002,0.1916,0
CUST013048,0.6055,1
CUST000697,0.1674,0
CUST011633,0.117,0
CUST013224,0.2314,0
CUST001206,0.1656,0
CUST000236,0.4734,0
CUST006097,0.853,1
CUST011256,0.1606,0
CUST004183,0.124,0
CUST006312,0.2648,0
CUST017392,0.12,0
CUST001348,0.2029,0
CUST018152,0.1976,0
CUST011468,0.1204,0
CUST015343,0.0746,0
CUST000543,0.1257,0
CUST012550,0.2625,0
CUST013325,0.1323,0
CUST015419,0.114,0
CUST007205,0.2168,0
CUST005597,0.3828,0
CUST003737,0.1495,0
CUST014172,0.2418,0
CUST017991,0.15,0
CUST000072,0.1615,0
CUST010076,0.1827,0
CUST004407,0.6173,1
CUST007228,0.1689,0
CUST000841,0.3586,0
CUST011179,0.3225,0
CUST006987,0.6034,1
CUST009068,0.2256,0
CUST004963,0.2087,0
CUST015621,0.1764,0
CUST001097,0.1914,0
CUST002544,0.5401,1
CUST014796,0.1208,0
CUST002101,0.2799,0
CUST003758,0.2106,0
CUST017211,0.4608,0
CUST015943,0.2851,0
CUST016666,0.1575,0
CUST001282,0.1207,0
CUST013711,0.1104,0
CUST001247,0.2736,0
CUST002752,0.175,0
CUST015929,0.1606,0
CUST014784,0.1164,0
CUST006710,0.1592,0
CUST000476,0.1812,0
CUST007877,0.1925,0
CUST019026,0.3172,0
CUST010507,0.8495,1
CUST013293,0.1702,0
CUST015122,0.185,0
CUST006982,0.0895,0
CUST001937,0.1306,0
CUST010341,0.2255,0
CUST004078,0.4715,0
CUST016256,0.1195,0
CUST015418,0.7611,1
CUST009769,0.2216,0
CUST012683,0.137,0
CUST002628,0.1035,0
CUST009984,0.1365,0
CUST003414,0.1968,0
CUST017686,0.168,0
CUST014872,0.6896,1
CUST008341,0.191,0
CUST019578,0.2026,0
CUST007099,0.1244,0
CUST002083,0.4563,0
CUST009265,0.0892,0
CUST011018,0.1348,0
CUST016048,0.1946,0
CUST004694,0.1668,0
CUST012854,0.153,0
CUST014377,0.1432,0
CUST019443,0.1186,0
CUST017614,0.2535,0
CUST012156,0.1365,0
CUST004633,0.1538,0
CUST019109,0.1248,0
CUST001338,0.1416,0
CUST012368,0.117,0
CUST001536,0.1602,0
CUST009969,0.1281,0
CUST003106,0.015,0
CUST008907,0.4988,0
CUST010934,0.1846,0
CUST000462,0.3976,0
CUST006036,0.159,0
CUST011225,0.2409,0
CUST016201,0.1107,0
CUST018045,0.13,0
CUST011593,0.1533,0
CUST002220,0.1533,0
CUST014176,0.5208,1
CUST018370,0.1688,0
CUST001214,0.6506,1
CUST002199,0.234,0
CUST008593,0.1338,0
CUST007919,0.2094,0
CUST010436,0.0143,0
CUST009705,0.8987,1
CUST016042,0.0962,0
CUST001369,0.1816,0
CUST012828,0.106,0
CUST012482,0.0162,0
CUST000086,0.1477,0
CUST004099,0.1546,0
CUST018021,0.2296,0
CUST019729,0.1497,0
CUST012737,0.1397,0
CUST012367,0.372,0
CUST000725,0.186,0
CUST003789,0.5547,1
CUST017345,0.4676,0
CUST006452,0.492,0
CUST004917,0.1357,0
CUST007040,0.0266,0
CUST004011,0.1765,0
CUST002419,0.1876,0
CUST015556,0.1382,0
CUST013689,0.0944,0
CUST006989,0.1206,0
CUST009450,0.2004,0
CUST014926,0.218,0
CUST012965,0.5716,1
CUST000314,0.1736,0
CUST009794,0.1211,0
CUST010248,0.1025,0
CUST017254,0.1447,0
CUST016357,0.2917,0
CUST007982,0.1377,0
CUST007690,0.1373,0
CUST006857,0.1679,0
CUST012171,0.0993,0
CUST015365,0.2904,0
CUST003079,0.9317,1
CUST017264,0.1265,0
CUST016539,0.1734,0
CUST002085,0.19,0
CUST012516,0.1755,0
CUST013173,0.1622,0
CUST009503,0.2115,0
CUST009740,0.1453,0
CUST006136,0.1492,0
CUST000962,0.1282,0
CUST002426,0.2316,0
CUST002168,0.2766,0
CUST006811,0.3893,0
CUST019749,0.106,0
CUST007532,0.7343,1
CUST000906,0.3306,0
CUST013046,0.6892,1
CUST005861,0.1671,0
CUST009084,0.1662,0
CUST011336,0.1687,0
CUST004878,0.2845,0
CUST006870,0.1708,0
CUST001882,0.0138,0
CUST017621,0.6519,1
CUST013748,0.1114,0
CUST007452,0.1907,0
CUST015192,0.1906,0
CUST014850,0.2656,0
CUST007856,0.1294,0
CUST018267,0.4662,0
CUST000135,0.1732,0
CUST010082,0.1473,0
CUST010844,0.1158,0
CUST004762,0.2638,0
CUST008949,0.281,0
CUST009185,0.1367,0
CUST009179,0.1083,0
CUST004924,0.1221,0
CUST001388,0.4652,0
CUST000837,0.7536,1
CUST008452,0.3965,0
CUST009787,0.0211,0
CUST019036,0.1544,0
CUST015020,0.1177,0
CUST005602,0.1191,0
CUST002173,0.1363,0
CUST015735,0.4199,0
CUST006140,0.1268,0
CUST005159,0.1255,0
CUST006426,0.2411,0
CUST013467,0.1827,0
CUST014198,0.0803,0
CUST004835,0.1286,0
CUST019485,0.2496,0
CUST016500,0.3333,0
CUST017453,0.8232,1
CUST009935,0.1869,0
CUST012408,0.797,1
CUST001824,0.1977,0
CUST001175,0.1249,0
CUST000297,0.2121,0
CUST017118,0.1614,0
CUST002757,0.3223,0
CUST004177,0.491,0
CUST012808,0.1245,0
CUST019296,0.0134,0
CUST008951,0.2616,0
CUST008233,0.5622,1
CUST005299,0.1334,0
CUST018262,0.3049,0
CUST019885,0.2867,0
CUST014119,0.1582,0
CUST001736,0.3728,0
CUST012001,0.257,0
CUST006271,0.2412,0
CUST003850,0.3512,0
CUST002117,0.1089,0
CUST011658,0.1425,0
CUST003306,0.7691,1
CUST012725,0.1227,0
CUST009928,0.4412,0
CUST016625,0.3663,0
CUST002715,0.1089,0
CUST015980,0.8313,1
CUST004914,0.0931,0
CUST005804,0.1356,0
CUST005598,0.4371,0
CUST003978,0.3334,0
CUST018313,0.347,0
CUST012314,0.5132,1
CUST017274,0.3153,0
CUST009551,0.172,0
CUST018330,0.1436,0
CUST008058,0.2951,0
CUST011352,0.1097,0
CUST014718,0.1204,0
CUST018220,0.8604,1
CUST010727,0.1837,0
CUST010403,0.1092,0
CUST004964,0.4233,0
CUST017530,0.2046,0
CUST017445,0.7924,1
CUST009242,0.1107,0
CUST019305,0.1122,0
CUST012724,0.5225,1
CUST015005,0.6529,1
CUST011282,0.1682,0
CUST003222,0.712,1
CUST008204,0.1341,0
CUST005014,0.2417,0
CUST009719,0.8505,1
CUST012580,0.5045,1
CUST005737,0.2191,0
CUST004936,0.1398,0
CUST002918,0.7573,1
CUST007312,0.1532,0
CUST017911,0.1686,0
CUST015389,0.1188,0
CUST013341,0.2518,0
CUST005075,0.1939,0
CUST017348,0.357,0
CUST007260,0.1017,0
CUST000029,0.0936,0
CUST017238,0.5314,1
CUST016910,0.2553,0
CUST011467,0.6304,1
CUST002623,0.0837,0
CUST001606,0.1339,0
CUST012595,0.2306,0
CUST005172,0.1001,0
CUST005102,0.3251,0
CUST019135,0.3508,0
CUST014650,0.1178,0
CUST008941,0.7367,1
CUST015393,0.6584,1
CUST010987,0.1821,0
CUST016709,0.3977,0
CUST012916,0.0954,0
CUST007240,0.5303,1
CUST000910,0.574,1
CUST015094,0.5959,1
CUST013415,0.171,0
CUST002210,0.0973,0
CUST018979,0.182,0
CUST007234,0.1443,0
CUST007045,0.118,0
CUST011665,0.1891,0
CUST017993,0.4792,0
CUST005769,0.0923,0
CUST018533,0.7129,1
CUST002432,0.1477,0
CUST017746,0.3077,0
CUST016178,0.7661,1
CUST002412,0.1587,0
CUST007102,0.0554,0
CUST002714,0.7094,1
CUST007955,0.1544,0
CUST008331,0.3968,0
CUST014791,0.1313,0
CUST018632,0.3988,0
CUST018025,0.1784,0
CUST011176,0.1407,0
CUST006158,0.3317,0
CUST005236,0.3661,0
CUST011177,0.2671,0
CUST011268,0.1754,0
CUST002099,0.2648,0
CUST006662,0.6867,1
CUST004282,0.1849,0
CUST010447,0.0957,0
CUST016807,0.1262,0
CUST001255,0.524,1
CUST007432,0.3209,0
CUST005051,0.125,0
CUST019147,0.7893,1
CUST006809,0.124,0
CUST018482,0.1203,0
CUST013707,0.1932,0
CUST006846,0.1608,0
CUST001595,0.1788,0
CUST005091,0.3466,0
CUST015862,0.2383,0
CUST016218,0.1756,0
CUST019647,0.1395,0
CUST015835,0.1012,0
CUST017227,0.4415,0
CUST002502,0.1811,0
CUST006315,0.2398,0
CUST014696,0.1133,0
CUST018454,0.2021,0
CUST018531,0.2825,0
CUST015752,0.1895,0
CUST019813,0.2049,0
CUST011301,0.4032,0
CUST005387,0.7518,1
CUST012173,0.0242,0
CUST016941,0.3539,0
CUST018944,0.1905,0
CUST005276,0.2611,0
CUST002323,0.1791,0
CUST008641,0.1307,0
CUST000972,0.1762,0
CUST009131,0.143,0
CUST002650,0.389,0
CUST002310,0.1507,0
CUST011784,0.0946,0
CUST018795,0.1724,0
CUST003046,0.2528,0
CUST006768,0.0421,0
CUST006901,0.26,0
CUST010863,0.0879,0
CUST010785,0.1864,0
CUST000115,0.1261,0
CUST015213,0.1118,0
CUST018039,0.2596,0
CUST001334,0.1059,0
CUST004946,0.1852,0
CUST011418,0.2366,0
CUST003358,0.1666,0
CUST006995,0.116,0
CUST002270,0.1545,0
CUST014092,0.4552,0
CUST013671,0.2009,0
CUST008980,0.2148,0
CUST018427,0.1214,0
CUST006635,0.3542,0
CUST002126,0.3673,0
CUST007154,0.8806,1
CUST010042,0.1816,0
CUST010902,0.1344,0
CUST009345,0.2111,0
CUST006584,0.2073,0
CUST019923,0.1312,0
CUST006328,0.1609,0
CUST011019,0.1584,0
CUST002694,0.1198,0
CUST002740,0.1257,0
CUST012084,0.1346,0
CUST007511,0.118,0
CUST019549,0.2659,0
CUST009373,0.2283,0
CUST003692,0.2304,0
CUST003068,0.1453,0
CUST004348,0.7183,1
CUST012946,0.6569,1
CUST008125,0.261,0
CUST007953,0.8631,1
CUST014116,0.1171,0
CUST017747,0.138,0
CUST003316,0.3277,0
CUST006861,0.1455,0
CUST008499,0.2374,0
CUST012204,0.1554,0
CUST001010,0.1022,0
CUST002664,0.2654,0
CUST007181,0.2494,0
CUST012579,0.1213,0
CUST000444,0.1653,0
CUST002430,0.161,0
CUST000028,0.1073,0
CUST002027,0.1024,0
CUST000133,0.2459,0
CUST017181,0.2032,0
CUST017591,0.1602,0
CUST001749,0.1245,0
CUST001233,0.7613,1
CUST019886,0.0144,0
CUST013637,0.2098,0
CUST005834,0.1005,0
CUST017422,0.1921,0
CUST001823,0.1024,0
CUST017307,0.0999,0
CUST012998,0.0206,0
CUST009632,0.199,0
CUST003824,0.278,0
CUST019007,0.3608,0
CUST019461,0.1731,0
CUST000339,0.1085,0
CUST002634,0.1836,0
CUST007439,0.1284,0
CUST015109,0.3697,0
CUST004180,0.0856,0
CUST006778,0.2266,0
CUST010817,0.1177,0
CUST010781,0.1326,0
CUST019179,0.2455,0
CUST013775,0.4907,0
CUST016015,0.089,0
CUST003021,0.1569,0
CUST013141,0.1772,0
CUST005166,0.3598,0
CUST010362,0.8637,1
CUST007469,0.3187,0
CUST001252,0.1058,0
CUST011168,0.5998,1
CUST017082,0.192,0
CUST014806,0.8377,1
CUST001408,0.1538,0
CUST002937,0.1417,0
CUST019076,0.1296,0
CUST015354,0.1502,0
CUST013480,0.1357,0
CUST001917,0.2152,0
CUST017357,0.2844,0
CUST017298,0.3177,0
CUST014197,0.5373,1
CUST011771,0.7241,1
CUST015495,0.6164,1
CUST017839,0.1095,0
CUST013524,0.2614,0
CUST015950,0.7998,1
CUST018751,0.2916,0
CUST005205,0.2224,0
CUST018487,0.1165,0
CUST002295,0.1333,0
CUST014775,0.4465,0
CUST002346,0.0261,0
CUST011564,0.4161,0
CUST013356,0.1254,0
CUST011058,0.1074,0
CUST003139,0.1035,0
CUST011585,0.1064,0
CUST009126,0.1403,0
CUST019612,0.4499,0
CUST010541,0.0782,0
CUST019835,0.5161,1
CUST013541,0.2051,0
CUST009664,0.124,0
CUST013071,0.1235,0
CUST010020,0.8587,1
CUST019933,0.1175,0
CUST015281,0.149,0
CUST015860,0.2067,0
CUST016816,0.2414,0
CUST015468,0.3642,0
CUST001700,0.1411,0
CUST018185,0.2274,0
CUST016034,0.1217,0
CUST009849,0.1279,0
CUST007043,0.0241,0
CUST017674,0.4289,0
CUST007653,0.1434,0
CUST012424,0.2041,0
CUST007667,0.155,0
CUST004311,0.1216,0
CUST009029,0.1245,0
CUST008448,0.1842,0
CUST003848,0.6224,1
CUST005282,0.1266,0
CUST006028,0.1124,0
CUST019637,0.2998,0
CUST008280,0.1033,0
CUST009002,0.3314,0
CUST000248,0.3133,0
CUST003282,0.1489,0
CUST004164,0.3347,0
CUST012597,0.0942,0
CUST009667,0.151,0
CUST000143,0.1061,0
CUST013158,0.271,0
CUST015249,0.1512,0
CUST017278,0.1057,0
CUST004531,0.3896,0
CUST018552,0.0921,0
CUST000799,0.2381,0
CUST017429,0.5884,1
CUST002497,0.6908,1
CUST016659,0.6202,1
CUST011055,0.1143,0
CUST014045,0.1262,0
CUST003663,0.1173,0
CUST010795,0.2785,0
CUST010238,0.3498,0
CUST006496,0.1498,0
CUST018571,0.1153,0
CUST003039,0.193,0
CUST009703,0.1373,0
CUST008825,0.7711,1
CUST013196,0.1552,0
CUST007315,0.5328,1
CUST002525,0.0136,0
CUST012226,0.0983,0
CUST012247,0.147,0
CUST004088,0.1251,0
CUST018999,0.1012,0
CUST011637,0.1746,0
CUST008279,0.1705,0
CUST018403,0.1791,0
CUST002276,0.2579,0
CUST008892,0.206,0
CUST015176,0.4958,0
CUST007302,0.1906,0
CUST012746,0.1077,0
CUST002705,0.128,0
CUST016599,0.2929,0
CUST013231,0.1591,0
CUST008294,0.3944,0
CUST006061,0.1439,0
CUST010521,0.2311,0
CUST003962,0.1566,0
CUST006619,0.1651,0
CUST009658,0.2168,0
CUST010773,0.814,1
CUST013948,0.1532,0
CUST011059,0.6389,1
CUST014923,0.1766,0
CUST017492,0.1713,0
CUST000880,0.1684,0
CUST002245,0.1385,0
CUST010166,0.1013,0
CUST019947,0.1654,0
CUST009080,0.1428,0
CUST007545,0.1791,0
CUST004426,0.7656,1
CUST006713,0.129,0
CUST010894,0.2435,0
CUST004571,0.2017,0
CUST005797,0.1624,0
CUST005575,0.3335,0
CUST007756,0.1281,0
CUST018278,0.1522,0
CUST015455,0.12,0
CUST002125,0.1978,0
CUST009421,0.1016,0
CUST003413,0.262,0
CUST014977,0.1799,0
CUST004279,0.165,0
CUST002013,0.2154,0
CUST007550,0.0776,0
CUST015295,0.1171,0
CUST002433,0.1057,0
CUST015307,0.1258,0
CUST012427,0.1742,0
CUST009749,0.5809,1
CUST010896,0.1514,0
CUST016550,0.3319,0
CUST005018,0.256,0
CUST011660,0.076,0
CUST000195,0.1165,0
CUST012452,0.1683,0
CUST015783,0.0993,0
CUST005711,0.1187,0
CUST003379,0.2047,0
CUST000061,0.1695,0
CUST007327,0.1231,0
CUST018980,0.1763,0
CUST016993,0.4096,0
CUST018821,0.0799,0
CUST001791,0.0822,0
CUST005004,0.5384,1
CUST010471,0.0991,0
CUST015377,0.1578,0
CUST010193,0.1309,0
CUST003598,0.3744,0
CUST008841,0.1736,0
CUST006579,0.1007,0
CUST010573,0.4295,0
CUST000840,0.154,0
CUST004575,0.1706,0
CUST015703,0.1202,0
CUST005962,0.0964,0
CUST005379,0.1078,0
CUST013300,0.5846,1
CUST000633,0.3116,0
CUST008715,0.4255,0
CUST006106,0.0137,0
CUST005121,0.1414,0
CUST004054,0.1564,0
CUST019753,0.1491,0
CUST003469,0.091,0
CUST015967,0.0952,0
CUST018114,0.156,0
CUST006552,0.2847,0
CUST003519,0.1151,0
CUST006153,0.1789,0
CUST008756,0.8667,1
CUST003399,0.1047,0
CUST005895,0.251,0
CUST011374,0.4925,0
CUST013441,0.1403,0
CUST010349,0.6893,1
CUST013203,0.6621,1
CUST001709,0.128,0
CUST011762,0.1771,0
CUST005072,0.5578,1
CUST017078,0.7393,1
CUST010607,0.1419,0
CUST005052,0.0812,0
CUST016144,0.1456,0
CUST005093,0.1093,0
CUST012546,0.1997,0
CUST005352,0.1013,0
CUST001489,0.1186,0
CUST010946,0.4214,0
CUST014548,0.0893,0
CUST019972,0.1597,0
CUST018399,0.1768,0
CUST009271,0.1047,0
CUST007394,0.1568,0
CUST016325,0.2608,0
CUST018791,0.1874,0
CUST000041,0.5287,1
CUST008020,0.1365,0
CUST011591,0.1469,0
CUST018614,0.148,0
CUST009382,0.1156,0
CUST017234,0.1048,0
CUST007527,0.1759,0
CUST001523,0.2724,0
CUST002367,0.0185,0
CUST019401,0.1091,0
CUST019083,0.0976,0
CUST003578,0.077,0
CUST013263,0.4918,0
CUST007457,0.0139,0
CUST011641,0.1811,0
CUST010171,0.3469,0
CUST012257,0.3816,0
CUST008535,0.1485,0
CUST009112,0.1657,0
CUST017334,0.0885,0
CUST018550,0.1438,0
CUST000808,0.1534,0
CUST009151,0.1233,0
CUST001336,0.151,0
CUST009972,0.3294,0
CUST015622,0.1575,0
CUST005467,0.2853,0
CUST012935,0.1618,0
CUST014399,0.1349,0
CUST010493,0.1177,0
CUST008570,0.1305,0
CUST002834,0.1387,0
CUST003620,0.2278,0
CUST007246,0.1392,0
CUST002958,0.1353,0
CUST003680,0.1139,0
CUST012350,0.2166,0
CUST016077,0.0156,0
CUST017647,0.157,0
CUST009890,0.2013,0
CUST017773,0.0245,0
CUST005761,0.1318,0
CUST014890,0.7863,1
CUST001400,0.8785,1
CUST011175,0.1723,0
CUST013225,0.2253,0
CUST013275,0.4277,0
CUST001639,0.1517,0
CUST018335,0.4636,0
CUST012196,0.3879,0
CUST007484,0.113,0
CUST012903,0.1416,0
CUST017006,0.7999,1
CUST011621,0.1896,0
CUST006279,0.1677,0
CUST011068,0.0912,0
CUST004819,0.1449,0
CUST007571,0.2499,0
CUST009790,0.1537,0
CUST010178,0.2205,0
CUST007504,0.1446,0
CUST003780,0.1294,0
CUST002275,0.132,0
CUST006756,0.1411,0
CUST013384,0.2274,0
CUST019738,0.1109,0
CUST004130,0.6971,1
CUST017241,0.1259,0
CUST016546,0.4219,0
CUST004658,0.1193,0
CUST017126,0.1987,0
CUST014229,0.112,0
CUST018572,0.2968,0
CUST011536,0.1847,0
CUST000423,0.1768,0
CUST015024,0.2324,0
CUST009069,0.1875,0
CUST017622,0.1693,0
CUST017549,0.0798,0
CUST013924,0.1426,0
CUST012730,0.2385,0
CUST009643,0.1597,0
CUST019218,0.737,1
CUST004512,0.6366,1
CUST016016,0.0686,0
CUST013165,0.189,0
CUST004536,0.1201,0
CUST006893,0.1484,0
CUST019040,0.2761,0
CUST003071,0.4866,0
CUST011351,0.0999,0
CUST003910,0.2599,0
CUST017693,0.0353,0
CUST004415,0.1833,0
CUST004973,0.3569,0
CUST015563,0.1533,0
CUST019863,0.8652,1
CUST011109,0.1277,0
CUST000397,0.1821,0
CUST017494,0.1204,0
CUST005137,0.5874,1
CUST009600,0.8424,1
CUST006206,0.1246,0
CUST004487,0.1079,0
CUST018768,0.1719,0
CUST008405,0.1418,0
CUST008819,0.1259,0
CUST000629,0.1234,0
CUST003719,0.182,0
CUST004064,0.725,1
CUST014203,0.132,0
CUST006224,0.4422,0
CUST002107,0.105,0
CUST012666,0.3223,0
CUST017128,0.1516,0
CUST019468,0.6997,1
CUST008249,0.1008,0
CUST016104,0.0241,0
CUST015386,0.257,0
CUST015560,0.7249,1
CUST018638,0.1857,0
CUST003621,0.1472,0
CUST002187,0.156,0
CUST000533,0.2888,0
CUST000129,0.014,0
CUST001697,0.1838,0
CUST002903,0.3324,0
CUST010495,0.1498,0
CUST012523,0.1233,0
CUST014254,0.4957,0
CUST015759,0.2857,0
CUST000572,0.7659,1
CUST013568,0.1954,0
CUST011367,0.1062,0
CUST013928,0.1496,0
CUST013346,0.1029,0
CUST009955,0.1688,0
CUST002463,0.8178,1
CUST009157,0.3009,0
CUST016627,0.101,0
CUST008810,0.338,0
CUST000668,0.1265,0
CUST014149,0.1443,0
CUST016507,0.1371,0
CUST003532,0.1452,0
CUST000346,0.1219,0
CUST013521,0.4238,0
CUST002691,0.1207,0
CUST014125,0.2331,0
CUST017958,0.6402,1
CUST012678,0.1255,0
CUST012809,0.1661,0
CUST017681,0.1261,0
CUST007429,0.1987,0
CUST016312,0.558,1
CUST019511,0.6794,1
CUST016004,0.1924,0
CUST006731,0.651,1
CUST016570,0.1341,0
CUST013000,0.0923,0
CUST018062,0.2544,0
CUST007257,0.8978,1
CUST003636,0.0151,0
CUST003914,0.1095,0
CUST011864,0.1964,0
CUST009711,0.0333,0
CUST013039,0.0143,0
CUST005132,0.8649,1
CUST007873,0.1193,0
CUST016867,0.2095,0
CUST015969,0.2878,0
CUST004210,0.6227,1
CUST001367,0.489,0
CUST012307,0.1695,0
CUST018203,0.3806,0
CUST006806,0.2118,0
CUST007371,0.3561,0
CUST017742,0.2768,0
CUST005196,0.1497,0
CUST015594,0.3145,0
CUST001390,0.3495,0
CUST017124,0.2577,0
CUST010385,0.6785,1
CUST010435,0.2005,0
CUST018873,0.138,0
CUST019380,0.1621,0
CUST011190,0.2186,0
CUST018517,0.154,0
CUST014006,0.2592,0
CUST003033,0.1562,0
CUST004422,0.1437,0
CUST019244,0.1199,0
CUST017815,0.1138,0
CUST004464,0.4806,0
CUST006054,0.2511,0
CUST000650,0.4081,0
CUST018641,0.4974,0
CUST013129,0.375,0
CUST001928,0.1675,0
CUST003677,0.0915,0
CUST012116,0.2374,0
CUST013299,0.2242,0
CUST019537,0.1357,0
CUST014594,0.2085,0
CUST008630,0.1272,0
CUST000162,0.3515,0
CUST001210,0.1615,0
CUST016549,0.0147,0
CUST007044,0.3262,0
CUST012276,0.1519,0
CUST004759,0.2279,0
CUST016680,0.5264,1
CUST005720,0.2061,0
CUST000951,0.7679,1
CUST009145,0.4609,0
CUST019552,0.1734,0
CUST007788,0.2044,0
CUST005251,0.1608,0
CUST011264,0.1384,0
CUST001975,0.1207,0
CUST002369,0.6063,1
CUST010806,0.0142,0
CUST004377,0.2516,0
CUST013102,0.3749,0
CUST017548,0.1876,0
CUST007005,0.1022,0
CUST007224,0.1531,0
CUST014235,0.738,1
CUST000238,0.1975,0
CUST017057,0.1043,0
CUST007868,0.2228,0
CUST015156,0.6001,1
CUST008271,0.1891,0
CUST013816,0.2136,0
CUST007103,0.8008,1
CUST010913,0.3238,0
CUST000460,0.2037,0
CUST011661,0.5058,1
CUST004226,0.1469,0
CUST005414,0.1726,0
CUST013599,0.1342,0
CUST017253,0.1233,0
CUST001812,0.1334,0
CUST019266,0.1663,0
CUST003476,0.2108,0
CUST013274,0.0832,0
CUST017362,0.2315,0
CUST004863,0.2545,0
CUST013376,0.1715,0
CUST010107,0.1797,0
CUST009215,0.1815,0
CUST017439,0.1924,0
CUST011627,0.1732,0
CUST004389,0.505,1
CUST009977,0.4019,0
CUST012817,0.845,1
CUST003298,0.1314,0
CUST019229,0.2362,0
CUST012566,0.1009,0
CUST013040,0.294,0
CUST005389,0.1714,0
CUST014706,0.2019,0
CUST008155,0.1621,0
CUST016542,0.2617,0
CUST012561,0.2765,0
CUST018287,0.0996,0
CUST001516,0.1542,0
CUST006220,0.1776,0
CUST010172,0.3252,0
CUST001237,0.0836,0
CUST017415,0.1194,0
CUST002868,0.2295,0
CUST012164,0.1015,0
CUST014580,0.1057,0
CUST015832,0.1258,0
CUST003996,0.269,0
CUST014827,0.3831,0
CUST003995,0.1795,0
CUST013594,0.2024,0
CUST008277,0.1844,0
CUST013485,0.2072,0
CUST017560,0.8427,1
CUST003893,0.1874,0
CUST000417,0.7394,1
CUST011136,0.2334,0
CUST014671,0.1562,0
CUST004638,0.2836,0
CUST019631,0.3816,0
CUST002001,0.806,1
CUST003514,0.1296,0
CUST016630,0.1256,0
CUST013427,0.3944,0
CUST002561,0.2183,0
CUST014353,0.2532,0
CUST019129,0.2252,0
CUST017752,0.6167,1
CUST019673,0.0258,0
CUST009899,0.1158,0
CUST016063,0.8203,1
CUST011008,0.8325,1
CUST019161,0.0802,0
CUST009208,0.3601,0
CUST001292,0.2463,0
CUST017823,0.1224,0
CUST010203,0.1914,0
CUST001837,0.1548,0
CUST007774,0.3664,0
CUST007067,0.1455,0
CUST007059,0.3535,0
CUST015408,0.198,0
CUST011463,0.1588,0
CUST019149,0.1188,0
CUST008516,0.8015,1
CUST010924,0.1151,0
CUST019814,0.1143,0
CUST009733,0.8546,1
CUST013001,0.1197,0
CUST000928,0.1143,0
CUST002266,0.1338,0
CUST018628,0.6427,1
CUST015808,0.1867,0
CUST013613,0.1842,0
CUST016606,0.1114,0
CUST007050,0.4318,0
CUST000197,0.3736,0
CUST015790,0.2336,0
CUST009875,0.1,0
CUST014080,0.1115,0
CUST015402,0.1749,0
CUST012131,0.3069,0
CUST014773,0.1605,0
CUST013520,0.1519,0
CUST000586,0.1439,0
CUST014550,0.1051,0
CUST010837,0.1066,0
CUST014174,0.1183,0
CUST014184,0.2915,0
CUST012951,0.1737,0
CUST015728,0.2236,0
CUST018766,0.5295,1
CUST019516,0.4097,0
CUST011138,0.1733,0
CUST013744,0.1597,0
CUST013730,0.6497,1
CUST004935,0.2359,0
CUST010709,0.4322,0
CUST017842,0.4454,0
CUST013076,0.1341,0
CUST019821,0.1272,0
CUST000305,0.3589,0
CUST014148,0.1372,0
CUST017985,0.1242,0
CUST003614,0.4533,0
CUST009906,0.2712,0
CUST012465,0.7402,1
CUST011056,0.2654,0
CUST000318,0.1272,0
CUST002380,0.0287,0
CUST007434,0.1165,0
CUST003707,0.3401,0
CUST002157,0.1616,0
CUST011760,0.1762,0
CUST007221,0.4539,0
CUST010726,0.1157,0
CUST009940,0.1667,0
CUST001417,0.1941,0
CUST003385,0.4982,0
CUST005555,0.4406,0
CUST000508,0.1865,0
CUST018221,0.1108,0
CUST017130,0.3997,0
CUST004801,0.3006,0
CUST005220,0.0302,0
CUST000097,0.7685,1
CUST010177,0.1304,0
CUST005864,0.2998,0
CUST017341,0.1489,0
CUST011936,0.0972,0
CUST004215,0.1918,0
CUST010048,0.1309,0
CUST000956,0.1207,0
CUST002166,0.2083,0
CUST001232,0.2505,0
CUST015865,0.1585,0
CUST012130,0.2467,0
CUST009867,0.6693,1
CUST007862,0.1638,0
CUST000285,0.1682,0
CUST014744,0.1091,0
CUST011844,0.4656,0
CUST004147,0.2458,0
CUST016556,0.1003,0
CUST014023,0.1728,0
CUST019308,0.1438,0
CUST014401,0.1415,0
CUST007166,0.1142,0
CUST015614,0.2896,0
CUST019670,0.1847,0
CUST019278,0.3296,0
CUST019909,0.0207,0
CUST001411,0.161,0
CUST011807,0.3048,0
CUST003771,0.1204,0
CUST016331,0.014,0
CUST016343,0.096,0
CUST010128,0.109,0
CUST006151,0.1593,0
CUST015731,0.4488,0
CUST005649,0.6636,1
CUST017202,0.5898,1
CUST002344,0.6321,1
CUST001609,0.1996,0
CUST002315,0.1676,0
CUST001778,0.0517,0
CUST013561,0.773,1
CUST002686,0.0894,0
CUST019780,0.0963,0
CUST017064,0.1223,0
CUST017551,0.215,0
CUST009800,0.543,1
CUST016374,0.1547,0
CUST017646,0.182,0
CUST014935,0.1214,0
CUST001087,0.2193,0
CUST005219,0.3614,0
CUST016909,0.1927,0
CUST006108,0.2471,0
CUST009388,0.1345,0
CUST000020,0.2344,0
CUST011113,0.5393,1
CUST015503,0.3494,0
CUST007016,0.1214,0
CUST005950,0.759,1
CUST017898,0.2102,0
CUST000402,0.2365,0
CUST018207,0.1542,0
CUST000751,0.1952,0
CUST005906,0.1655,0
CUST019573,0.147,0
CUST019892,0.1077,0
CUST005845,0.3599,0
CUST018192,0.1237,0
CUST004865,0.1361,0
CUST019767,0.1513,0
CUST016493,0.0395,0
CUST000186,0.087,0
CUST002698,0.1596,0
CUST006755,0.174,0
CUST012298,0.1731,0
CUST003625,0.1759,0
CUST001519,0.5694,1
CUST001670,0.014,0
CUST002954,0.1013,0
CUST015159,0.1746,0
CUST019245,0.0998,0
CUST016057,0.1169,0
CUST004199,0.8248,1
CUST009683,0.148,0
CUST009228,0.1253,0
CUST013709,0.7609,1
CUST010335,0.7577,1
CUST005275,0.1177,0
CUST004764,0.352,0
CUST001037,0.1317,0
CUST003279,0.1501,0
CUST019766,0.3026,0
CUST018620,0.1924,0
CUST008954,0.0994,0
CUST009910,0.2201,0
CUST002227,0.1617,0
CUST011051,0.1427,0
CUST001886,0.1099,0
CUST010017,0.1253,0
CUST016209,0.4195,0
CUST002676,0.427,0
CUST007077,0.5183,1
CUST013733,0.4985,0
CUST013354,0.2597,0
CUST002278,0.3336,0
CUST017731,0.1957,0
CUST017449,0.1194,0
CUST013968,0.1186,0
CUST001539,0.2245,0
CUST010751,0.1715,0
CUST003807,0.3414,0
CUST006516,0.131,0
CUST004745,0.0145,0
CUST013448,0.1786,0
CUST005216,0.1065,0
CUST010415,0.3636,0
CUST015757,0.1509,0
CUST006495,0.2046,0
CUST009263,0.2937,0
CUST001925,0.1177,0
CUST003005,0.2132,0
CUST001143,0.2648,0
CUST010988,0.2611,0
CUST016942,0.1839,0
CUST017338,0.2785,0
CUST014563,0.4469,0
CUST015632,0.148,0
CUST013285,0.1408,0
CUST012259,0.0993,0
CUST012585,0.1639,0
CUST018461,0.0208,0
CUST017000,0.1703,0
CUST010760,0.178,0
CUST013087,0.6142,1
CUST011164,0.1263,0
CUST008833,0.1123,0
CUST018524,0.4014,0
CUST008798,0.1474,0
CUST002940,0.3816,0
CUST001291,0.1108,0
CUST001932,0.2862,0
CUST006644,0.1973,0
CUST001438,0.7385,1
CUST007349,0.8223,1
CUST013229,0.1736,0
CUST018200,0.0672,0
CUST006290,0.0958,0
CUST005475,0.139,0
CUST013983,0.2391,0
CUST017704,0.1083,0
CUST016227,0.4337,0
CUST013750,0.2023,0
CUST004498,0.7042,1
CUST017350,0.2305,0
CUST006272,0.1288,0
CUST006740,0.1618,0
CUST018065,0.2152,0
CUST001261,0.1269,0
CUST003187,0.4074,0
CUST015821,0.241,0
CUST008342,0.1444,0
CUST004656,0.1221,0
CUST018158,0.5878,1
CUST011716,0.1202,0
CUST018615,0.1785,0
CUST015329,0.1407,0
CUST011072,0.1898,0
CUST017775,0.2792,0
CUST008670,0.4037,0
CUST015792,0.2454,0
CUST014165,0.1549,0
CUST008123,0.5825,1
CUST008718,0.3175,0
CUST001831,0.1862,0
CUST017587,0.3275,0
CUST004673,0.1458,0
CUST014277,0.6127,1
CUST005812,0.2179,0
CUST019946,0.3547,0
CUST016856,0.0979,0
CUST011216,0.6612,1
CUST006478,0.6525,1
CUST003357,0.1763,0
CUST007730,0.2425,0
CUST015325,0.3167,0
CUST004630,0.7921,1
CUST004227,0.122,0
CUST001627,0.1027,0
CUST019294,0.4078,0
CUST005735,0.2316,0
CUST014532,0.8034,1
CUST004501,0.3593,0
CUST011120,0.1503,0
CUST005866,0.2431,0
CUST010405,0.1016,0
CUST015223,0.1693,0
CUST015411,0.1735,0
CUST010282,0.1813,0
CUST014740,0.1576,0
CUST012415,0.1867,0
CUST015764,0.1522,0
CUST019312,0.1178,0
CUST003252,0.8768,1
CUST016620,0.1772,0
CUST001035,0.5314,1
CUST001401,0.2873,0
CUST018387,0.2354,0
CUST005189,0.8473,1
CUST007431,0.1689,0
CUST010696,0.2222,0
CUST005253,0.1201,0
CUST017770,0.1186,0
CUST011961,0.1863,0
CUST002124,0.358,0
CUST006131,0.2434,0
CUST017177,0.2798,0
CUST006171,0.3092,0
CUST007368,0.799,1
CUST001146,0.0974,0
CUST008202,0.1194,0
CUST013322,0.1491,0
CUST018209,0.583,1
CUST008853,0.1341,0
CUST011620,0.0978,0
CUST011323,0.4011,0
CUST001364,0.3076,0
CUST009444,0.027,0
CUST015825,0.4332,0
CUST011213,0.2113,0
CUST002228,0.4622,0
CUST000853,0.5622,1
CUST002619,0.3429,0
CUST007871,0.1482,0
CUST007423,0.1826,0
CUST007668,0.0143,0
CUST011524,0.159,0
CUST008376,0.5238,1
CUST003890,0.1727,0
CUST003075,0.0147,0
CUST010059,0.0527,0
CUST000920,0.2585,0
CUST016788,0.0187,0
CUST016585,0.1429,0
CUST006692,0.3303,0
CUST018858,0.6109,1
CUST005674,0.6862,1
CUST000985,0.3231,0
CUST003605,0.135,0
CUST009119,0.1219,0
CUST006913,0.1865,0
CUST005398,0.5814,1
CUST013971,0.1492,0
CUST012023,0.2135,0
CUST000215,0.1519,0
CUST004163,0.3016,0
CUST003840,0.1508,0
CUST004419,0.1732,0
CUST002109,0.2134,0
CUST000839,0.0923,0
CUST000063,0.1383,0
CUST008924,0.6294,1
CUST017196,0.1345,0
CUST019580,0.2364,0
CUST012542,0.1735,0
CUST018367,0.8446,1
CUST007157,0.1498,0
CUST007649,0.138,0
CUST005297,0.1462,0
CUST012187,0.1262,0
CUST010196,0.2638,0
CUST003669,0.2346,0
CUST002384,0.1312,0
CUST017811,0.286,0
CUST004001,0.1139,0
CUST011750,0.2598,0
CUST018532,0.1163,0
CUST005729,0.5004,1
CUST007319,0.4792,0
CUST007582,0.1377,0
CUST011369,0.2986,0
CUST015073,0.1716,0
CUST015638,0.1155,0
CUST015849,0.32,0
CUST008417,0.3502,0
CUST002500,0.175,0
CUST017517,0.2276,0
CUST010381,0.2582,0
CUST005642,0.2668,0
CUST019850,0.0951,0
CUST016143,0.1427,0
CUST015202,0.1661,0
CUST004483,0.2768,0
CUST012358,0.1737,0
CUST003342,0.1433,0
CUST003230,0.1228,0
CUST013548,0.1644,0
CUST009078,0.1443,0
CUST017900,0.1753,0
CUST017877,0.3693,0
CUST010504,0.1366,0
CUST001918,0.1989,0
CUST008433,0.4909,0
CUST011043,0.1431,0
CUST013242,0.1053,0
CUST003190,0.1708,0
CUST003088,0.1771,0
CUST000887,0.1291,0
CUST014957,0.2185,0
CUST003243,0.1781,0
CUST003203,0.3564,0
CUST000445,0.1694,0
CUST018428,0.2274,0
CUST018515,0.6045,1
CUST011783,0.1298,0
CUST019261,0.5588,1
CUST004386,0.234,0
CUST005288,0.1518,0
CUST000995,0.101,0
CUST000174,0.1766,0
CUST014093,0.6371,1
CUST000540,0.1071,0
CUST013583,0.4151,0
CUST001036,0.1531,0
CUST007540,0.1732,0
CUST010876,0.1483,0
CUST011424,0.1281,0
CUST018829,0.3767,0
CUST000682,0.1142,0
CUST001387,0.1096,0
CUST019721,0.1375,0
CUST004558,0.3702,0
CUST006704,0.1281,0
CUST012092,0.1823,0
CUST010396,0.2455,0
CUST012235,0.3203,0
CUST003701,0.1478,0
CUST019660,0.1339,0
CUST006867,0.1205,0
CUST016326,0.2468,0
CUST011570,0.2481,0
CUST013226,0.2854,0
CUST012500,0.2225,0
CUST017465,0.2456,0
CUST009695,0.1525,0
CUST013829,0.1408,0
CUST002855,0.2426,0
CUST018805,0.6279,1
CUST003502,0.7931,1
CUST008611,0.1433,0
CUST019064,0.0142,0
CUST000123,0.1205,0
CUST019676,0.2003,0
CUST009041,0.1311,0
CUST016056,0.5081,1
CUST010105,0.1213,0
CUST018695,0.1907,0
CUST008972,0.1493,0
CUST002128,0.5227,1
CUST016480,0.0198,0
CUST018881,0.1466,0
CUST015121,0.5454,1
CUST003548,0.2898,0
CUST006916,0.1092,0
CUST004779,0.1319,0
CUST008877,0.2027,0
CUST014005,0.136,0
CUST010638,0.1163,0
CUST001404,0.1772,0
CUST001123,0.1521,0
CUST002884,0.3833,0
CUST002778,0.6856,1
CUST018826,0.708,1
CUST004325,0.7733,1
CUST009062,0.1469,0
CUST015547,0.2436,0
CUST004969,0.1925,0
CUST004976,0.7533,1
CUST017102,0.1712,0
CUST003689,0.3468,0
CUST013984,0.5855,1
CUST006725,0.0137,0
CUST004300,0.1518,0
CUST017070,0.0991,0
CUST016618,0.5963,1
CUST017184,0.1377,0
CUST000759,0.1849,0
CUST019344,0.1619,0
CUST002264,0.4198,0
CUST019335,0.294,0
CUST006526,0.228,0
CUST012741,0.1531,0
CUST002147,0.1005,0
CUST005851,0.5795,1
CUST009409,0.1058,0
CUST007262,0.2172,0
CUST011575,0.1469,0
CUST005647,0.0751,0
CUST009613,0.5811,1
CUST011532,0.1403,0
CUST015158,0.1395,0
CUST012177,0.1032,0
CUST009067,0.2043,0
CUST013580,0.2397,0
CUST013795,0.1875,0
CUST012136,0.5128,1
CUST004523,0.1354,0
CUST007199,0.1631,0
CUST007034,0.4019,0
CUST019338,0.0311,0
CUST011958,0.3937,0
CUST001620,0.1094,0
CUST009063,0.6429,1
CUST000200,0.1076,0
CUST001344,0.2305,0
CUST001263,0.1542,0
CUST019333,0.1197,0
CUST000274,0.1124,0
CUST019120,0.6227,1
CUST014222,0.12,0
CUST019936,0.1294,0
CUST006130,0.1416,0
CUST004809,0.1705,0
CUST014908,0.1168,0
CUST000256,0.0893,0
CUST011255,0.1517,0
CUST005666,0.2353,0
CUST014905,0.3515,0
CUST006757,0.1209,0
CUST010758,0.1322,0
CUST006223,0.026,0
CUST015226,0.2171,0
CUST014451,0.1258,0
CUST016110,0.4709,0
CUST012263,0.2192,0
CUST005346,0.1317,0
CUST006167,0.0821,0
CUST019103,0.1129,0
CUST004905,0.166,0
CUST000258,0.0914,0
CUST000435,0.4145,0
CUST008208,0.1595,0
CUST017833,0.1374,0
CUST008040,0.0937,0
CUST012409,0.1197,0
CUST009776,0.1482,0
CUST013366,0.1692,0
CUST000612,0.1119,0
CUST014719,0.2739,0
CUST001689,0.11,0
CUST014568,0.2052,0
CUST002722,0.4602,0
CUST006121,0.1434,0
CUST017620,0.1397,0
CUST008012,0.1656,0
CUST018017,0.8127,1
CUST004706,0.1349,0
CUST019003,0.1136,0
CUST007490,0.1385,0
CUST004864,0.4413,0
CUST006371,0.1824,0
CUST016111,0.4223,0
CUST018113,0.47,0
CUST005316,0.1192,0
CUST000101,0.7455,1
CUST006818,0.2079,0
CUST001326,0.1732,0
CUST001022,0.2593,0
CUST009492,0.1218,0
CUST017441,0.1611,0
CUST001308,0.2369,0
CUST013079,0.2136,0
CUST010281,0.1888,0
CUST009836,0.7181,1
CUST003571,0.1094,0
CUST003812,0.1271,0
CUST017300,0.1314,0
CUST016187,0.4505,0
CUST008769,0.1173,0
CUST008760,0.1164,0
CUST014668,0.1277,0
CUST012237,0.1348,0
CUST014469,0.2376,0
CUST009337,0.2976,0
CUST003802,0.1873,0
CUST016537,0.0139,0
CUST002602,0.5055,1
CUST018311,0.3058,0
CUST003001,0.3156,0
CUST008590,0.3754,0
CUST019258,0.0247,0
CUST011557,0.64,1
CUST002290,0.18,0
CUST003133,0.2755,0
CUST014365,0.1576,0
CUST016272,0.1566,0
CUST011692,0.1121,0
CUST011406,0.247,0
CUST008902,0.2599,0
CUST008808,0.1734,0
CUST006204,0.1665,0
CUST002350,0.1894,0
CUST010380,0.8207,1
CUST016973,0.8817,1
CUST015974,0.1013,0
CUST002008,0.168,0
CUST004665,0.1521,0
CUST004783,0.1163,0
CUST013339,0.1616,0
CUST017199,0.2114,0
CUST006302,0.2008,0
CUST016049,0.7943,1
CUST013871,0.1339,0
CUST015341,0.5356,1
CUST004939,0.0967,0
CUST019942,0.2103,0
CUST005203,0.1082,0
CUST014361,0.5106,1
CUST008827,0.4017,0
CUST016037,0.1502,0
CUST009026,0.1171,0
CUST015349,0.1737,0
CUST000569,0.7062,1
CUST015057,0.125,0
CUST015539,0.1921,0
CUST012455,0.2941,0
CUST008310,0.1593,0
CUST008482,0.1143,0
CUST005938,0.0901,0
CUST004230,0.2479,0
CUST001264,0.1365,0
CUST011645,0.781,1
CUST001471,0.463,0
CUST006239,0.118,0
CUST017766,0.1138,0
CUST004623,0.648,1
CUST010685,0.2232,0
CUST017977,0.1408,0
CUST014416,0.0237,0
CUST012303,0.2001,0
CUST005823,0.1375,0
CUST007663,0.1656,0
CUST007376,0.3277,0
CUST018069,0.8279,1
CUST003715,0.7137,1
CUST007066,0.4233,0
CUST005028,0.109,0
CUST007089,0.1191,0
CUST007096,0.1201,0
CUST004023,0.364,0
CUST018680,0.1399,0
CUST014324,0.1935,0
CUST003913,0.1317,0
CUST017426,0.1168,0
CUST011702,0.0897,0
CUST019358,0.2017,0
CUST001502,0.2873,0
CUST014225,0.1007,0
CUST010304,0.1047,0
CUST015966,0.1103,0
CUST008572,0.129,0
CUST015417,0.1236,0
CUST008296,0.0145,0
CUST015800,0.1637,0
CUST003094,0.2334,0
CUST006379,0.1457,0
CUST003477,0.1141,0
CUST018687,0.1135,0
CUST002539,0.1332,0
CUST009011,0.0252,0
CUST008063,0.6736,1
CUST009007,0.1478,0
CUST017156,0.7763,1
CUST016462,0.1851,0
CUST005865,0.2476,0
CUST013771,0.5052,1
CUST011455,0.145,0
CUST002146,0.1002,0
CUST010319,0.2454,0
CUST009384,0.1308,0
CUST007739,0.1323,0
CUST017327,0.1209,0
CUST015132,0.119,0
CUST004171,0.1309,0
CUST014837,0.1505,0
CUST014767,0.0991,0
CUST002538,0.2753,0
CUST006258,0.2251,0
CUST008725,0.1557,0
CUST012642,0.024,0
CUST009237,0.1193,0
CUST013893,0.1588,0
CUST007362,0.1431,0
CUST011219,0.185,0
CUST002354,0.3329,0
CUST011684,0.5764,1
CUST011046,0.3562,0
CUST003328,0.2328,0
CUST011105,0.1502,0
CUST001108,0.0874,0
CUST009424,0.1806,0
CUST009891,0.5239,1
CUST014651,0.1108,0
CUST003199,0.1132,0
CUST017261,0.0159,0
CUST015328,0.2128,0
CUST005360,0.0666,0
CUST011024,0.1385,0
CUST019369,0.1464,0
CUST018556,0.1085,0
CUST001240,0.1274,0
CUST011939,0.2682,0
CUST015168,0.1622,0
CUST012094,0.1167,0
CUST007782,0.5562,1
CUST000189,0.5758,1
CUST013268,0.1428,0
CUST002761,0.1198,0
CUST001025,0.2031,0
CUST018084,0.2263,0
CUST007176,0.1403,0
CUST002012,0.448,0
CUST018485,0.2927,0
CUST015567,0.1894,0
CUST019309,0.1011,0
CUST016654,0.1287,0
CUST017219,0.2744,0
CUST019603,0.4023,0
CUST013547,0.1351,0
CUST004701,0.2153,0
CUST001042,0.173,0
CUST011095,0.2341,0
CUST010309,0.1301,0
CUST015117,0.3573,0
CUST011035,0.1059,0
CUST003927,0.2639,0
CUST012017,0.5151,1
CUST011737,0.0928,0
CUST017420,0.1364,0
CUST019517,0.1337,0
CUST001048,0.1127,0
CUST008988,0.1517,0
CUST005838,0.7336,1
CUST012647,0.1399,0
CUST011568,0.1193,0
CUST002791,0.0326,0
CUST000241,0.0997,0
CUST007025,0.1656,0
CUST019920,0.1234,0
CUST002097,0.5663,1
CUST004787,0.1329,0
CUST004904,0.1329,0
CUST017496,0.1402,0
CUST005646,0.024,0
CUST018414,0.0735,0
CUST005995,0.3446,0
CUST016113,0.1544,0
CUST010187,0.1476,0
CUST008524,0.1654,0
CUST016419,0.1477,0
CUST019158,0.3439,0
CUST011986,0.0977,0
CUST011157,0.179,0
CUST004907,0.2027,0
CUST018856,0.0946,0
CUST007628,0.1095,0
CUST013641,0.232,0
CUST012454,0.7651,1
CUST009511,0.103,0
CUST005770,0.2284,0
CUST001692,0.1456,0
CUST007049,0.1352,0
CUST015340,0.1268,0
CUST016319,0.2927,0
CUST012265,0.1382,0
CUST004763,0.261,0
CUST009282,0.6187,1
CUST001764,0.4268,0
CUST013862,0.0939,0
CUST009870,0.2539,0
CUST015962,0.1652,0
CUST006648,0.4585,0
CUST007200,0.2463,0
CUST012309,0.1208,0
CUST009545,0.4308,0
CUST011975,0.1296,0
CUST015060,0.255,0
CUST013776,0.2477,0
CUST000127,0.0815,0
CUST001528,0.4314,0
CUST012190,0.1148,0
CUST007169,0.1234,0
CUST006465,0.2582,0
CUST009663,0.2601,0
CUST013559,0.6599,1
CUST015726,0.1065,0
CUST004746,0.1401,0
CUST002912,0.7058,1
CUST004251,0.3114,0
CUST006489,0.1688,0
CUST005438,0.1006,0
CUST000119,0.1269,0
CUST018698,0.1512,0
CUST003681,0.1592,0
CUST000832,0.5268,1
CUST002521,0.5992,1
CUST017995,0.189,0
CUST010288,0.1755,0
CUST000387,0.2939,0
CUST008820,0.3588,0
CUST004631,0.1508,0
CUST015824,0.0997,0
CUST005754,0.1439,0
CUST019812,0.1705,0
CUST012864,0.3214,0
CUST015296,0.2066,0
CUST014555,0.2955,0
CUST002948,0.1072,0
CUST018677,0.1315,0
CUST013243,0.184,0
CUST002848,0.8001,1
CUST007353,0.254,0
CUST016035,0.1511,0
CUST000054,0.2001,0
CUST017689,0.1126,0
CUST003756,0.1042,0
CUST014600,0.2411,0
CUST000666,0.1822,0
CUST019055,0.4518,0
CUST016703,0.147,0
CUST005839,0.1083,0
CUST015545,0.224,0
CUST010174,0.3,0
CUST004007,0.6335,1
CUST002108,0.183,0
CUST005824,0.2612,0
CUST016102,0.2125,0
CUST004461,0.1093,0
CUST005746,0.1152,0
CUST019523,0.3631,0
CUST008359,0.1426,0
CUST013560,0.1902,0
CUST018831,0.1632,0
CUST005495,0.1842,0
CUST014464,0.2045,0
CUST004211,0.1903,0
CUST018261,0.476,0
CUST000313,0.5637,1
CUST011477,0.1486,0
CUST019628,0.209,0
CUST008100,0.1386,0
CUST003735,0.793,1
CUST014867,0.1627,0
CUST013307,0.1556,0
CUST012039,0.1547,0
CUST012185,0.4093,0
CUST014929,0.232,0
CUST016363,0.3337,0
CUST016382,0.0257,0
CUST019056,0.8641,1
CUST010345,0.3751,0
CUST007449,0.1751,0
CUST002177,0.2859,0
CUST013025,0.1299,0
CUST011882,0.2129,0
CUST016237,0.12,0
CUST003460,0.2511,0
CUST013324,0.0909,0
CUST013119,0.1169,0
CUST017590,0.5602,1
CUST006472,0.1192,0
CUST008274,0.1921,0
CUST013477,0.1437,0
CUST012577,0.1318,0
CUST003901,0.5699,1
CUST002532,0.6831,1
CUST009501,0.0303,0
CUST019493,0.136,0
CUST019768,0.1038,0
CUST009808,0.1489,0
CUST005936,0.3197,0
CUST019600,0.129,0
CUST001075,0.2987,0
CUST004341,0.3155,0
CUST007125,0.1268,0
CUST005103,0.2375,0
CUST001330,0.4968,0
CUST016759,0.1083,0
CUST014917,0.1522,0
CUST010122,0.4173,0
CUST009121,0.1941,0
CUST010843,0.1269,0
CUST000635,0.1336,0
CUST001759,0.4542,0
CUST008985,0.1397,0
CUST013907,0.0506,0
CUST001002,0.1047,0
CUST012429,0.1371,0
CUST003406,0.0932,0
CUST011624,0.1844,0
CUST010375,0.2192,0
CUST003747,0.6663,1
CUST003098,0.1544,0
CUST012760,0.097,0
CUST014574,0.5024,1
CUST018940,0.0307,0
CUST008478,0.1109,0
CUST015951,0.0719,0
CUST005444,0.1796,0
CUST012695,0.1133,0
CUST011736,0.1614,0
CUST012141,0.1614,0
CUST015234,0.2848,0
CUST012731,0.4343,0
CUST007172,0.2483,0
CUST003115,0.3257,0
CUST012587,0.1044,0
CUST001275,0.0931,0
CUST008707,0.085,0
CUST001730,0.2134,0
CUST002646,0.8838,1
CUST010618,0.1273,0
CUST001661,0.014,0
CUST001320,0.2856,0
CUST010961,0.1112,0
CUST010655,0.0974,0
CUST009212,0.1808,0
CUST014798,0.1173,0
CUST006432,0.1076,0
CUST009200,0.199,0
CUST017411,0.3247,0
CUST011785,0.1734,0
CUST012138,0.5591,1
CUST010712,0.1397,0
CUST013791,0.2647,0
CUST014280,0.7187,1
CUST005059,0.1166,0
CUST007580,0.1693,0
CUST002684,0.2385,0
CUST013091,0.4036,0
CUST017547,0.1367,0
CUST003837,0.3352,0
CUST000271,0.1212,0
CUST004744,0.1924,0
CUST009423,0.1489,0
CUST015236,0.1767,0
CUST008492,0.5586,1
CUST018340,0.7643,1
CUST011677,0.1213,0
CUST011613,0.1691,0
CUST012273,0.1368,0
CUST000364,0.2372,0
CUST009987,0.0138,0
CUST008252,0.4181,0
CUST010468,0.1389,0
CUST011778,0.0951,0
CUST000252,0.2603,0
CUST000058,0.3766,0
CUST010656,0.2529,0
CUST006513,0.0944,0
CUST018242,0.1044,0
CUST001821,0.0769,0
CUST001014,0.1311,0
CUST008356,0.1389,0
CUST017736,0.1221,0
CUST013874,0.2377,0
CUST005423,0.1809,0
CUST016810,0.648,1
CUST010016,0.1938,0
CUST017266,0.0992,0
CUST007817,0.0772,0
CUST011792,0.2089,0
CUST002669,0.1258,0
CUST011810,0.55,1
CUST003425,0.0146,0
CUST005518,0.1292,0
CUST016310,0.204,0
CUST002072,0.532,1
CUST017648,0.8018,1
CUST009149,0.2803,0
CUST007474,0.1557,0
CUST008191,0.132,0
CUST002212,0.152,0
CUST016084,0.1582,0
CUST015847,0.5937,1
CUST018134,0.0141,0
CUST005143,0.6093,1
CUST001959,0.1255,0
CUST018264,0.5166,1
CUST004614,0.1872,0
CUST002604,0.1203,0
CUST005923,0.1174,0
CUST011205,0.7339,1
CUST001311,0.3143,0
CUST006573,0.3154,0
CUST000834,0.1646,0
CUST018488,0.3201,0
CUST011348,0.8491,1
CUST015554,0.1224,0
CUST016302,0.2245,0
CUST004591,0.1214,0
CUST018071,0.1353,0
CUST015472,0.2576,0
CUST004335,0.1308,0
CUST017237,0.31,0
CUST006444,0.2798,0
CUST007120,0.3268,0
CUST018735,0.122,0
CUST016792,0.0281,0
CUST019951,0.8031,1
CUST012338,0.1103,0
CUST009508,0.1501,0
CUST017444,0.2585,0
CUST004071,0.3002,0
CUST010815,0.1152,0
CUST004316,0.2022,0
CUST003492,0.191,0
CUST000631,0.7834,1
CUST018409,0.091,0
CUST003898,0.1103,0
CUST011357,0.1356,0
CUST015627,0.3498,0
CUST011669,0.291,0
CUST005992,0.1731,0
CUST004472,0.0891,0
CUST005978,0.3972,0
CUST006744,0.3094,0
CUST008952,0.0883,0
CUST011550,0.6056,1
CUST016948,0.127,0
CUST000606,0.1051,0
CUST017380,0.5399,1
CUST000849,0.1512,0
CUST011181,0.1931,0
CUST018984,0.1906,0
CUST012215,0.2642,0
CUST011602,0.1688,0
CUST011720,0.026,0
CUST016573,0.1858,0
CUST001577,0.2334,0
CUST007709,0.2748,0
CUST013074,0.0826,0
CUST017328,0.2064,0
CUST008956,0.7546,1
CUST005953,0.2138,0
CUST000620,0.1712,0
CUST003671,0.0249,0
CUST011487,0.1993,0
CUST018169,0.1277,0
CUST018793,0.1314,0
CUST015947,0.1621,0
CUST015746,0.1505,0
CUST001668,0.1728,0
CUST002639,0.1538,0
CUST010687,0.1256,0
CUST006643,0.3581,0
CUST014078,0.1162,0
CUST009659,0.2472,0
CUST019239,0.1137,0
CUST006972,0.8062,1
CUST011444,0.1348,0
CUST015023,0.0904,0
CUST016355,0.3625,0
CUST009634,0.1665,0
CUST004598,0.1897,0
CUST016964,0.167,0
CUST000475,0.1773,0
CUST018844,0.8687,1
CUST002877,0.1805,0
CUST006994,0.143,0
CUST019256,0.144,0
CUST001607,0.6018,1
CUST004076,0.0989,0
CUST015562,0.2299,0
CUST008242,0.1428,0
CUST002992,0.0893,0
CUST011529,0.2449,0
CUST004953,0.1178,0
CUST010941,0.1411,0
CUST004062,0.2904,0
CUST008623,0.1,0
CUST018306,0.0745,0
CUST011408,0.1126,0
CUST016743,0.161,0
CUST015140,0.1542,0
CUST016984,0.4412,0
CUST000139,0.469,0
CUST001488,0.0978,0
CUST003957,0.2004,0
CUST017385,0.7957,1
CUST005576,0.1328,0
CUST008415,0.0927,0
CUST001451,0.0981,0
CUST000468,0.2244,0
CUST017729,0.1674,0
CUST006822,0.1218,0
CUST013255,0.1745,0
CUST008759,0.8681,1
CUST003997,0.2992,0
CUST007719,0.2372,0
CUST008488,0.1184,0
CUST004687,0.0971,0
CUST007779,0.1654,0
CUST004817,0.3535,0
CUST001439,0.1188,0
CUST018588,0.1338,0
CUST013298,0.1687,0
CUST011117,0.1259,0
CUST018967,0.157,0
CUST003184,0.4683,0
CUST015652,0.1024,0
CUST001259,0.7897,1
CUST007531,0.1878,0
CUST002272,0.102,0
CUST006437,0.1134,0
CUST000480,0.4092,0
CUST003305,0.1968,0
CUST013336,0.2056,0
CUST016860,0.2897,0
CUST015715,0.5816,1
CUST001082,0.1463,0
CUST004087,0.2166,0
CUST000108,0.1123,0
CUST007850,0.8136,1
CUST005176,0.4418,0
CUST004838,0.1491,0
CUST017915,0.1315,0
CUST016529,0.2828,0
CUST006192,0.6053,1
CUST009950,0.2426,0
CUST018567,0.1826,0
CUST017305,0.1653,0
CUST018443,0.1382,0
CUST008099,0.6121,1
CUST014934,0.1769,0
CUST013810,0.1559,0
CUST004197,0.2575,0
CUST002681,0.3175,0
CUST003262,0.7325,1
CUST001166,0.1194,0
CUST013849,0.1644,0
CUST019214,0.7294,1
CUST000199,0.1573,0
CUST009278,0.1433,0
CUST016773,0.367,0
CUST012339,0.0955,0
CUST003727,0.3032,0
CUST016279,0.418,0
CUST003831,0.4444,0
CUST011373,0.3836,0
CUST001120,0.1438,0
CUST006883,0.2267,0
CUST015615,0.1396,0
CUST000144,0.1259,0
CUST001301,0.1548,0
CUST014340,0.1224,0
CUST009272,0.1185,0
CUST019860,0.094,0
CUST008942,0.6555,1
CUST004544,0.459,0
CUST014214,0.1222,0
CUST016731,0.3892,0
CUST019530,0.1965,0
CUST018547,0.1775,0
CUST010110,0.1096,0
CUST009673,0.1197,0
CUST008921,0.1731,0
CUST009805,0.3474,0
CUST014279,0.3886,0
CUST012260,0.4152,0
CUST008057,0.0903,0
CUST016822,0.0822,0
CUST014750,0.5063,1
CUST003582,0.0917,0
CUST007083,0.1477,0
CUST013663,0.1517,0
CUST014763,0.8381,1
CUST015054,0.1148,0
CUST006640,0.643,1
CUST002466,0.1316,0
CUST011561,0.602,1
CUST007563,0.7847,1
CUST001741,0.1279,0
CUST000851,0.2994,0
CUST004639,0.099,0
CUST013785,0.1754,0
CUST018605,0.1154,0
CUST018214,0.4275,0
CUST012644,0.0996,0
CUST012451,0.176,0
CUST014870,0.3533,0
CUST001766,0.4031,0
CUST012383,0.1414,0
CUST018915,0.4357,0
CUST005919,0.1267,0
CUST007858,0.3316,0
CUST019342,0.0909,0
CUST001150,0.7823,1
CUST001456,0.6468,1
CUST002405,0.0869,0
CUST008714,0.1676,0
CUST006317,0.6037,1
CUST002393,0.1574,0
CUST005614,0.0884,0
CUST004333,0.1673,0
CUST007785,0.1146,0
CUST002337,0.025,0
CUST006715,0.1312,0
CUST005273,0.1355,0
CUST001441,0.1126,0
CUST014067,0.353,0
CUST003599,0.1614,0
CUST002786,0.0684,0
CUST013815,0.4663,0
CUST006996,0.5,0
CUST005556,0.1073,0
CUST017036,0.5865,1
CUST008402,0.6786,1
CUST005217,0.0245,0
CUST009944,0.2566,0
CUST005171,0.1622,0
CUST009763,0.0256,0
CUST019280,0.2901,0
CUST012312,0.8207,1
CUST015425,0.4602,0
CUST009040,0.079,0
CUST008224,0.1966,0
CUST007578,0.4344,0
CUST003016,0.096,0
CUST000370,0.1812,0
CUST000931,0.144,0
CUST003030,0.187,0
CUST004060,0.1392,0
CUST014994,0.7704,1
CUST000190,0.7919,1
CUST007389,0.184,0
CUST016223,0.2228,0
CUST013957,0.1071,0
CUST006967,0.1084,0
CUST005058,0.1729,0
CUST012449,0.2407,0
CUST000532,0.1398,0
CUST011673,0.2181,0
CUST006236,0.1268,0
CUST011782,0.2249,0
CUST014329,0.0894,0
CUST004470,0.1082,0
CUST011932,0.244,0
CUST005999,0.1098,0
CUST005719,0.0468,0
CUST012800,0.1043,0
CUST002459,0.2591,0
CUST016146,0.1143,0
CUST002321,0.1832,0
CUST018731,0.3362,0
CUST011617,0.2084,0
CUST000328,0.1062,0
CUST011492,0.1157,0
CUST007333,0.1206,0
CUST018385,0.204,0
CUST019206,0.1318,0
CUST014040,0.2951,0
CUST019068,0.0252,0
CUST001045,0.1865,0
CUST016027,0.1331,0
CUST001971,0.6668,1
CUST019134,0.1406,0
CUST018692,0.2853,0
CUST000164,0.1526,0
CUST012086,0.1047,0
CUST000159,0.0604,0
CUST013446,0.1644,0
CUST018294,0.1219,0
CUST007279,0.1219,0
CUST009829,0.1204,0
CUST017490,0.8692,1
CUST019874,0.1542,0
CUST019236,0.1117,0
CUST007611,0.5759,1
CUST019408,0.1331,0
CUST004910,0.1945,0
CUST008859,0.1564,0
CUST001675,0.1263,0
CUST012279,0.1949,0
CUST003348,0.2066,0
CUST009307,0.1387,0
CUST014302,0.1627,0
CUST014582,0.0236,0
CUST017893,0.1695,0
CUST010569,0.1153,0
CUST014907,0.1787,0
CUST002795,0.1036,0
CUST005239,0.0938,0
CUST003170,0.5255,1
CUST012115,0.1482,0
CUST004217,0.1535,0
CUST008485,0.1335,0
CUST008868,0.4069,0
CUST011668,0.0833,0
CUST014629,0.8221,1
CUST014291,0.4555,0
CUST000762,0.1777,0
CUST004506,0.1841,0
CUST006042,0.1729,0
CUST011028,0.1243,0
CUST008299,0.6943,1
CUST011592,0.1349,0
CUST000296,0.1812,0
CUST016406,0.6839,1
CUST000440,0.1916,0
CUST018130,0.1614,0
CUST016055,0.1867,0
CUST012532,0.1986,0
CUST011954,0.109,0
CUST004468,0.1567,0
CUST014379,0.1401,0
CUST019316,0.4338,0
CUST004497,0.0887,0
CUST018080,0.1136,0
CUST018903,0.1024,0
CUST019104,0.0937,0
CUST010763,0.1217,0
CUST014967,0.3797,0
CUST008142,0.5797,1
CUST018235,0.2575,0
CUST005551,0.1825,0
CUST009326,0.2116,0
CUST008948,0.1662,0
CUST014610,0.135,0
CUST009140,0.4416,0
CUST000701,0.3489,0
CUST015819,0.2437,0
CUST006003,0.5187,1
CUST012663,0.1542,0
CUST006798,0.1054,0
CUST007132,0.1613,0
CUST014330,0.8716,1
CUST003487,0.0139,0
CUST008620,0.1558,0
CUST000715,0.1419,0
CUST005225,0.1455,0
CUST001549,0.0865,0
CUST001461,0.1318,0
CUST013337,0.3792,0
CUST004069,0.3033,0
CUST006385,0.2815,0
CUST005034,0.1353,0
CUST007386,0.2478,0
CUST000934,0.1225,0
CUST017008,0.1222,0
CUST008037,0.109,0
CUST017523,0.2388,0
CUST013866,0.3893,0
CUST006373,0.1439,0
CUST008543,0.2496,0
CUST019077,0.2344,0
CUST011675,0.1664,0
CUST019565,0.3604,0
CUST002886,0.3442,0
CUST005255,0.867,1
CUST013469,0.0987,0
CUST009096,0.1851,0
CUST018379,0.086,0
CUST010245,0.8401,1
CUST001852,0.5378,1
CUST000166,0.1396,0
CUST008151,0.84,1
CUST009580,0.6173,1
CUST006937,0.3818,0
CUST001351,0.1372,0
CUST001585,0.1115,0
CUST012395,0.1618,0
CUST006912,0.4119,0
CUST009195,0.1116,0
CUST013885,0.2223,0
CUST011167,0.1186,0
CUST010070,0.1534,0
CUST013845,0.3484,0
CUST007943,0.197,0
CUST002687,0.1486,0
CUST011281,0.1831,0
CUST009183,0.1173,0
CUST002385,0.3965,0
CUST016066,0.4331,0
CUST005154,0.166,0
CUST014289,0.2069,0
CUST004804,0.4014,0
CUST016575,0.2621,0
CUST014656,0.2614,0
CUST014891,0.0775,0
CUST017945,0.0234,0
CUST014162,0.1084,0
CUST001164,0.2583,0
CUST014341,0.0542,0
CUST002259,0.192,0
CUST002622,0.1742,0
CUST003351,0.2974,0
CUST012428,0.1914,0
CUST018437,0.6836,1
CUST007697,0.0237,0
CUST017043,0.6637,1
CUST000989,0.2868,0
CUST017855,0.0145,0
CUST007071,0.1125,0
CUST001835,0.1482,0
CUST015394,0.1873,0
CUST005319,0.0326,0
CUST007440,0.1129,0
CUST002082,0.2992,0
CUST009554,0.31,0
CUST019685,0.3941,0
CUST001374,0.2387,0
CUST003022,0.2567,0
CUST001712,0.7166,1
CUST010543,0.4946,0
CUST016774,0.1789,0
CUST017041,0.2124,0
CUST011317,0.1418,0
CUST001997,0.5578,1
CUST017683,0.4912,0
CUST011876,0.1246,0
CUST012090,0.2097,0
CUST005090,0.1887,0
CUST015383,0.3064,0
CUST017778,0.1295,0
CUST008301,0.2855,0
CUST011511,0.2083,0
CUST006369,0.2074,0
CUST014321,0.3794,0
CUST008529,0.0387,0
CUST006398,0.8587,1
CUST003732,0.1537,0
CUST005870,0.1223,0
CUST010008,0.1311,0
CUST015482,0.1082,0
CUST000134,0.0192,0
CUST019105,0.4596,0
CUST008754,0.2951,0
CUST017344,0.1481,0
CUST019542,0.5093,1
CUST012841,0.2431,0
CUST018183,0.1383,0
CUST009014,0.2776,0
CUST013598,0.1922,0
CUST012013,0.153,0
CUST010939,0.163,0
CUST009901,0.2082,0
CUST001194,0.142,0
CUST004527,0.1938,0
CUST004146,0.0307,0
CUST012524,0.1697,0
CUST001076,0.1205,0
CUST002427,0.1843,0
CUST019770,0.2493,0
CUST004830,0.1592,0
CUST016825,0.1809,0
CUST017578,0.0221,0
CUST019348,0.1413,0
CUST017867,0.1735,0
CUST017014,0.1763,0
CUST013772,0.0142,0
CUST010502,0.1428,0
CUST017269,0.2318,0
CUST014778,0.8434,1
CUST009362,0.2501,0
CUST018527,0.5264,1
CUST008903,0.5231,1
CUST010708,0.1286,0
CUST000827,0.5576,1
CUST018164,0.2535,0
CUST012610,0.1928,0
CUST002148,0.3405,0
CUST014192,0.2999,0
CUST012021,0.1576,0
CUST002477,0.1128,0
CUST000490,0.1076,0
CUST002075,0.1678,0
CUST017663,0.107,0
CUST008505,0.216,0
CUST011679,0.3779,0
CUST007557,0.0135,0
CUST017056,0.1118,0
CUST017466,0.1718,0
CUST010588,0.124,0
CUST010189,0.1347,0
CUST004080,0.5106,1
CUST015976,0.1057,0
CUST003169,0.5364,1
CUST017511,0.109,0
CUST011360,0.1645,0
CUST014320,0.1841,0
CUST006622,0.1124,0
CUST013685,0.4482,0
CUST008788,0.1076,0
CUST003426,0.3298,0
CUST009804,0.1402,0
CUST018436,0.1516,0
CUST007641,0.7145,1
CUST006451,0.1582,0
CUST010926,0.1484,0
CUST011335,0.0147,0
CUST000782,0.1245,0
CUST018024,0.3631,0
CUST007326,0.6758,1
CUST005315,0.0937,0
CUST007163,0.1488,0
CUST006381,0.1221,0
CUST002907,0.4231,0
CUST008466,0.7765,1
CUST002870,0.2401,0
CUST005289,0.3702,0
CUST014688,0.1651,0
CUST007298,0.1054,0
CUST015653,0.4072,0
CUST014641,0.432,0
CUST015034,0.1992,0
CUST004767,0.099,0
CUST011163,0.3499,0
CUST017800,0.076,0
CUST015229,0.1422,0
CUST002888,0.2052,0
CUST017072,0.1358,0
CUST008531,0.1549,0
CUST013933,0.1018,0
CUST018358,0.2393,0
CUST016306,0.1813,0
CUST018664,0.1955,0
CUST017919,0.0961,0
CUST016975,0.1693,0
CUST008071,0.0689,0
CUST011995,0.1205,0
CUST001814,0.3522,0
CUST012617,0.1959,0
CUST014844,0.2322,0
CUST009881,0.7936,1
CUST002893,0.2844,0
CUST013197,0.1645,0
CUST009750,0.3756,0
CUST003064,0.1605,0
CUST004123,0.5045,1
CUST017029,0.1129,0
CUST013905,0.284,0
CUST003438,0.2353,0
CUST008618,0.5074,1
CUST007187,0.1204,0
CUST005706,0.1903,0
CUST000997,0.1703,0
CUST002139,0.1033,0
CUST018079,0.3824,0
CUST006726,0.1351,0
CUST003853,0.2581,0
CUST019711,0.1233,0
CUST015488,0.1906,0
CUST003428,0.1429,0
CUST003790,0.1618,0
CUST019817,0.145,0
CUST011776,0.1258,0
CUST017046,0.1534,0
CUST010274,0.2171,0
CUST010159,0.1676,0
CUST001876,0.1093,0
CUST006395,0.3099,0
CUST007047,0.1098,0
CUST005480,0.607,1
CUST019717,0.1295,0
CUST006231,0.5055,1
CUST017906,0.266,0
CUST011422,0.5014,1
CUST007958,0.2113,0
CUST014474,0.2142,0
CUST004560,0.3654,0
CUST006188,0.119,0
CUST005793,0.1966,0
CUST012198,0.3248,0
CUST018388,0.1711,0
CUST009691,0.13,0
CUST016299,0.1861,0
CUST008761,0.1567,0
CUST017294,0.511,1
CUST019709,0.3916,0
CUST011376,0.6394,1
CUST015963,0.1182,0
CUST013987,0.1184,0
CUST016118,0.153,0
CUST015661,0.5201,1
CUST016193,0.5144,1
CUST007493,0.4717,0
CUST015178,0.4518,0
CUST015635,0.096,0
CUST004155,0.1949,0
CUST005709,0.1159,0
CUST014862,0.1954,0
CUST001873,0.0509,0
CUST013827,0.8069,1
CUST007751,0.1986,0
CUST010410,0.2758,0
CUST012331,0.1902,0
CUST008221,0.1514,0
CUST013409,0.1686,0
CUST019396,0.9148,1
CUST010229,0.1231,0
CUST004149,0.1059,0
CUST001379,0.1379,0
CUST017779,0.028,0
CUST015872,0.4429,0
CUST011368,0.2538,0
CUST013218,0.121,0
CUST019851,0.6754,1
CUST002418,0.1961,0
CUST004846,0.1039,0
CUST005271,0.1355,0
CUST019497,0.2063,0
CUST003498,0.147,0
CUST002570,0.1998,0
CUST015150,0.3588,0
CUST002710,0.8643,1
CUST018830,0.1123,0
CUST014208,0.2406,0
CUST018177,0.2136,0
CUST003174,0.0894,0
CUST003544,0.1693,0
CUST014307,0.5036,1
CUST014953,0.1241,0
CUST019332,0.1189,0
CUST013188,0.0246,0
CUST019491,0.3039,0
CUST005871,0.0667,0
CUST012992,0.1259,0
CUST005402,0.2156,0
CUST013770,0.3298,0
CUST000766,0.1253,0
CUST015490,0.1407,0
CUST010246,0.173,0
CUST005943,0.1715,0
CUST005306,0.3528,0
CUST010626,0.3304,0
CUST002095,0.1466,0
CUST014515,0.5179,1
CUST017712,0.2289,0
CUST004209,0.1492,0
CUST004082,0.8633,1
CUST000664,0.5584,1
CUST008132,0.1994,0
CUST008454,0.1168,0
CUST012043,0.1985,0
CUST015243,0.1152,0
CUST004184,0.6441,1
CUST005648,0.1887,0
CUST013557,0.0353,0
CUST008549,0.7423,1
CUST012295,0.1072,0
CUST017437,0.1802,0
CUST017814,0.254,0
CUST013099,0.2194,0
CUST009840,0.1253,0
CUST004892,0.5523,1
CUST006863,0.5362,1
CUST019209,0.2302,0
CUST017483,0.2446,0
CUST012788,0.2736,0
CUST006456,0.6196,1
CUST006595,0.1632,0
CUST011183,0.2581,0
CUST014207,0.5146,1
CUST002733,0.1274,0
CUST002096,0.117,0
CUST005594,0.2504,0
CUST011611,0.0974,0
CUST017569,0.1857,0
CUST000474,0.1029,0
CUST003245,0.1082,0
CUST005778,0.2359,0
CUST010937,0.1144,0
CUST010211,0.3131,0
CUST013445,0.1286,0
CUST008175,0.1259,0
CUST001574,0.1678,0
CUST011052,0.151,0
CUST017417,0.2027,0
CUST001776,0.7248,1
CUST002093,0.1654,0
CUST003984,0.1046,0
CUST003608,0.1088,0
CUST015194,0.106,0
CUST004525,0.3184,0
CUST006157,0.8303,1
CUST010000,0.8729,1
CUST013457,0.2632,0
CUST015087,0.127,0
CUST011701,0.0357,0
CUST000515,0.5486,1
CUST016283,0.1884,0
CUST015994,0.1016,0
CUST019039,0.1208,0
CUST003861,0.1652,0
CUST019722,0.1824,0
CUST016858,0.1209,0
CUST012217,0.3126,0
CUST001783,0.1825,0
CUST011063,0.2425,0
CUST008382,0.0323,0
CUST008508,0.1497,0
CUST014112,0.1281,0
CUST001702,0.1215,0
CUST011581,0.5134,1
CUST018270,0.115,0
CUST017053,0.5563,1
CUST010901,0.1995,0
CUST003261,0.1162,0
CUST007052,0.2524,0
CUST018780,0.1274,0
CUST006360,0.638,1
CUST002667,0.1165,0
CUST010804,0.1915,0
CUST011751,0.2802,0
CUST019417,0.13,0
CUST007161,0.1375,0
CUST007881,0.5592,1
CUST013995,0.1756,0
CUST010580,0.1186,0
CUST007624,0.1417,0
CUST008652,0.145,0
CUST018155,0.2067,0
CUST001986,0.4666,0
CUST010977,0.0849,0
CUST014044,0.3104,0
CUST011938,0.2084,0
CUST008021,0.5008,1
CUST001026,0.2347,0
CUST006879,0.1985,0
CUST002326,0.1055,0
CUST017435,0.2737,0
CUST003724,0.3055,0
CUST001772,0.2151,0
CUST003232,0.134,0
CUST013084,0.4152,0
CUST018245,0.3028,0
CUST005856,0.1108,0
CUST001653,0.4483,0
CUST015852,0.2699,0
CUST010200,0.167,0
CUST010601,0.1031,0
CUST009147,0.1312,0
CUST012804,0.1052,0
CUST016334,0.1576,0
CUST001103,0.4727,0
CUST000896,0.174,0
CUST009646,0.1851,0
CUST003852,0.2287,0
CUST001991,0.4396,0
CUST011045,0.2526,0
CUST016495,0.1747,0
CUST006142,0.2294,0
CUST014947,0.1141,0
CUST012109,0.1316,0
CUST006554,0.5457,1
CUST017812,0.0793,0
CUST019224,0.3753,0
CUST017455,0.1728,0
CUST009358,0.0664,0
CUST000466,0.1698,0
CUST001679,0.2725,0
CUST001297,0.336,0
CUST004368,0.3373,0
CUST005904,0.123,0
CUST002626,0.1578,0
CUST014726,0.0247,0
CUST001656,0.1472,0
CUST004481,0.0943,0
CUST001130,0.1292,0
CUST010585,0.4625,0
CUST017691,0.468,0
CUST018076,0.495,0
CUST016373,0.1072,0
CUST005548,0.1902,0
CUST018446,0.193,0
CUST000416,0.1691,0
CUST004960,0.0329,0
CUST000788,0.0939,0
CUST002594,0.3671,0
CUST002658,0.2054,0
CUST001402,0.1687,0
CUST009547,0.1613,0
CUST006575,0.8471,1
CUST014431,0.1708,0
CUST016324,0.1348,0
CUST008201,0.2224,0
CUST014961,0.1305,0
CUST008129,0.5773,1
CUST017225,0.2568,0
CUST016826,0.3046,0
CUST002066,0.093,0
CUST018583,0.1114,0
CUST000439,0.1496,0
CUST002469,0.1233,0
CUST011811,0.1937,0
CUST002189,0.2557,0
CUST010241,0.3665,0
CUST008181,0.1043,0
CUST012732,0.4075,0
CUST012901,0.0773,0
CUST010123,0.3799,0
CUST003497,0.3734,0
CUST013525,0.1471,0
CUST001773,0.1849,0
CUST007116,0.1022,0
CUST003417,0.0921,0
CUST004421,0.4271,0
CUST007030,0.39,0
CUST006777,0.1057,0
CUST011749,0.3448,0
CUST009924,0.4826,0
CUST002104,0.1097,0
CUST015431,0.1702,0
CUST008404,0.3051,0
CUST010139,0.6723,1
CUST002018,0.4085,0
CUST014901,0.3389,0
CUST002996,0.8557,1
CUST003182,0.117,0
CUST000683,0.1268,0
CUST011880,0.2684,0
CUST004379,0.741,1
CUST005155,0.0964,0
CUST006358,0.7488,1
CUST018878,0.6041,1
CUST000865,0.1381,0
CUST005696,0.025,0
CUST015543,0.187,0
CUST003718,0.1437,0
CUST008373,0.0944,0
CUST016885,0.4269,0
CUST009640,0.2682,0
CUST006900,0.1504,0
CUST016160,0.4703,0
CUST014927,0.1371,0
CUST016134,0.112,0
CUST013437,0.1133,0
CUST017863,0.1637,0
CUST019978,0.1237,0
CUST006813,0.4472,0
CUST014136,0.2103,0
CUST001977,0.1554,0
CUST010918,0.1729,0
CUST011228,0.1987,0
CUST001470,0.1253,0
CUST014477,0.755,1
CUST011927,0.3878,0
CUST005593,0.2465,0
CUST012862,0.2853,0
CUST018001,0.5688,1
CUST010599,0.1091,0
CUST001671,0.2907,0
CUST003028,0.0902,0
CUST018143,0.2329,0
CUST006783,0.1736,0
CUST006352,0.1314,0
CUST014488,0.2979,0
CUST017025,0.2805,0
CUST002439,0.0148,0
CUST013475,0.1343,0
CUST010725,0.1711,0
CUST016783,0.2204,0
CUST017923,0.5011,1
CUST002726,0.7916,1
CUST018365,0.661,1
CUST004800,0.466,0
CUST002284,0.189,0
CUST017438,0.2319,0
CUST006532,0.2021,0
CUST017413,0.3374,0
CUST001608,0.1034,0
CUST018110,0.5099,1
CUST003029,0.1073,0
CUST008440,0.1318,0
CUST000869,0.1286,0
CUST002656,0.4224,0
CUST009656,0.1467,0
CUST009324,0.1908,0
CUST013357,0.0329,0
CUST014816,0.1409,0
CUST014390,0.2684,0
CUST013611,0.1407,0
CUST008935,0.1907,0
CUST008927,0.1178,0
CUST000723,0.2982,0
CUST008408,0.541,1
CUST016414,0.0946,0
CUST018872,0.1353,0
CUST005939,0.162,0
CUST003526,0.3679,0
CUST011525,0.8448,1
CUST019606,0.1312,0
CUST015866,0.5524,1
CUST014979,0.2258,0
CUST011926,0.1164,0
CUST019999,0.2006,0
CUST004884,0.1038,0
CUST004345,0.2846,0
CUST010111,0.137,0
CUST010603,0.1793,0
CUST001098,0.0931,0
CUST018337,0.6781,1
CUST009440,0.1524,0
CUST004628,0.1123,0
CUST007410,0.1772,0
CUST005433,0.1642,0
CUST017023,0.6647,1
CUST015684,0.5361,1
CUST011940,0.192,0
CUST013292,0.2604,0
CUST016036,0.1317,0
CUST001755,0.0128,0
CUST008474,0.8434,1
CUST019138,0.1482,0
CUST000216,0.2314,0
CUST018226,0.2311,0
CUST014776,0.1507,0
CUST017071,0.5219,1
CUST011433,0.176,0
CUST010866,0.0867,0
CUST012972,0.133,0
CUST017049,0.1124,0
CUST004160,0.3975,0
CUST019650,0.4279,0
CUST015789,0.0894,0
CUST005665,0.1598,0
CUST007936,0.2603,0
CUST002209,0.1374,0
CUST005830,0.1596,0
CUST011670,0.3702,0
CUST003486,0.1155,0
CUST012315,0.1099,0
CUST017288,0.5126,1
CUST018542,0.1736,0
CUST019373,0.1673,0
CUST013649,0.1467,0
CUST009725,0.1084,0
CUST010318,0.1264,0
CUST009546,0.1606,0
CUST006761,0.0292,0
CUST009077,0.4316,0
CUST004367,0.2442,0
CUST008776,0.1328,0
CUST003377,0.5575,1
CUST018091,0.1652,0
CUST005881,0.0766,0
CUST009230,0.1374,0
CUST007898,0.1305,0
CUST006126,0.1956,0
CUST004339,0.1899,0
CUST005855,0.1148,0
CUST009854,0.0876,0
CUST015242,0.1096,0
CUST011257,0.8466,1
CUST019400,0.318,0
CUST016096,0.2203,0
CUST002725,0.4626,0
CUST012251,0.1351,0
CUST008344,0.2615,0
CUST004684,0.0144,0
CUST006270,0.1544,0
CUST004032,0.0984,0
CUST000873,0.1355,0
CUST012447,0.0329,0
CUST016841,0.1067,0
CUST009587,0.567,1
CUST008260,0.1959,0
CUST017553,0.1134,0
CUST015999,0.1472,0
CUST007618,0.2081,0
CUST004305,0.1132,0
CUST017499,0.1189,0
CUST006557,0.1367,0
CUST004322,0.2344,0
CUST008124,0.1639,0
CUST007880,0.2107,0
CUST000923,0.1477,0
CUST010384,0.114,0
CUST004274,0.1181,0
CUST000551,0.5892,1
CUST002519,0.8219,1
CUST007725,0.1444,0
CUST008051,0.1822,0
CUST000881,0.1963,0
CUST010872,0.117,0
CUST005913,0.5376,1
CUST017670,0.1498,0
CUST001751,0.1091,0
CUST014491,0.6242,1
CUST015637,0.256,0
CUST000498,0.1681,0
CUST005984,0.138,0
CUST005111,0.1231,0
CUST008383,0.3707,0
CUST014516,0.1834,0
CUST018498,0.2056,0
CUST018293,0.1338,0
CUST009915,0.1055,0
CUST019765,0.2417,0
CUST014834,0.5022,1
CUST006613,0.2634,0
CUST014310,0.1647,0
CUST009107,0.7974,1
CUST019510,0.1198,0
CUST018104,0.1467,0
CUST000966,0.1088,0
CUST009336,0.105,0
CUST009557,0.1638,0
CUST000106,0.1105,0
CUST005087,0.237,0
CUST018688,0.1875,0
CUST008512,0.4018,0
CUST001145,0.1674,0
CUST011911,0.1025,0
CUST011132,0.1743,0
CUST001201,0.3108,0
CUST006470,0.185,0
CUST012747,0.7112,1
CUST006701,0.1413,0
CUST006065,0.1624,0
CUST017208,0.4017,0
CUST002851,0.1752,0
CUST001587,0.4198,0
CUST000430,0.2633,0
CUST011358,0.1448,0
CUST016161,0.1712,0
CUST018499,0.1821,0
CUST003713,0.1084,0
CUST007854,0.3479,0
CUST012153,0.1791,0
CUST006590,0.3202,0
CUST009712,0.1565,0
CUST003937,0.1264,0
CUST004678,0.136,0
CUST009154,0.1462,0
CUST006958,0.8362,1
CUST012343,0.151,0
CUST003113,0.585,1
CUST002741,0.6167,1
CUST015362,0.1392,0
CUST004556,0.1795,0
CUST016815,0.2042,0
CUST015183,0.5263,1
CUST012386,0.1142,0
CUST006518,0.1387,0
CUST011310,0.1243,0
CUST012363,0.2085,0
CUST008801,0.109,0
CUST016802,0.1353,0
CUST008735,0.2062,0
CUST001912,0.1087,0
CUST006335,0.0214,0
CUST011442,0.1891,0
CUST016812,0.2428,0
CUST018395,0.1405,0
CUST004371,0.0747,0
CUST007605,0.13,0
CUST005921,0.183,0
CUST019758,0.1442,0
CUST014123,0.3226,0
CUST008691,0.2598,0
CUST005182,0.2516,0
CUST007617,0.1298,0
CUST011005,0.225,0
CUST018627,0.1119,0
CUST014154,0.1756,0
CUST019022,0.1449,0
CUST007426,0.1716,0
CUST011968,0.154,0
CUST015578,0.1387,0
CUST011198,0.1229,0
CUST009900,0.1231,0
CUST010242,0.2271,0
CUST009873,0.1376,0
CUST000563,0.6365,1
CUST018841,0.1121,0
CUST018026,0.171,0
CUST012290,0.1022,0
CUST018511,0.2859,0
CUST006753,0.1071,0
CUST016038,0.2485,0
CUST010173,0.0146,0
CUST019202,0.1748,0
CUST001346,0.1548,0
CUST016087,0.1257,0
CUST014489,0.2472,0
CUST009629,0.1147,0
CUST011832,0.1839,0
CUST011226,0.0808,0
CUST016580,0.1278,0
CUST003124,0.8493,1
CUST002961,0.0648,0
CUST010454,0.2268,0
CUST014111,0.2276,0
CUST009162,0.1292,0
CUST016954,0.1141,0
CUST002860,0.1407,0
CUST004945,0.3766,0
CUST002249,0.126,0
CUST018789,0.2141,0
CUST004314,0.4224,0
CUST012297,0.1437,0
CUST004891,0.1644,0
CUST000847,0.1332,0
CUST015768,0.095,0
CUST017589,0.1722,0
CUST005118,0.1364,0
CUST013782,0.2937,0
CUST011034,0.099,0
CUST003902,0.2027,0
CUST007658,0.0802,0
CUST017525,0.6322,1
CUST005910,0.7316,1
CUST015026,0.3516,0
CUST003480,0.1078,0
CUST001781,0.1753,0
CUST002950,0.1394,0
CUST008162,0.1417,0
CUST006284,0.21,0
CUST009308,0.2568,0
CUST004868,0.1363,0
CUST017080,0.1931,0
CUST005815,0.3405,0
CUST016884,0.2453,0
CUST016893,0.2107,0
CUST003637,0.2371,0
CUST005550,0.3017,0
CUST002889,0.166,0
CUST004337,0.1326,0
CUST001593,0.1164,0
CUST016311,0.4566,0
CUST006636,0.0977,0
CUST011077,0.147,0
CUST009088,0.1476,0
CUST007345,0.1503,0
CUST005899,0.1261,0
CUST019531,0.6598,1
CUST004565,0.1425,0
CUST005631,0.1597,0
CUST000687,0.2588,0
CUST003623,0.3233,0
CUST014680,0.2851,0
CUST015145,0.2186,0
CUST006353,0.1595,0
CUST002304,0.6829,1
CUST012300,0.1853,0
CUST013266,0.3162,0
CUST013269,0.2482,0
CUST017370,0.1409,0
CUST010575,0.1503,0
CUST008172,0.5424,1
CUST017414,0.1685,0
CUST004979,0.1168,0
CUST005261,0.8414,1
CUST004768,0.169,0
CUST003313,0.2226,0
CUST010869,0.1265,0
CUST012052,0.1373,0
CUST008302,0.8084,1
CUST006556,0.1271,0
CUST016882,0.3428,0
CUST015053,0.1442,0
CUST000944,0.1234,0
CUST008643,0.115,0
CUST013270,0.1668,0
CUST017754,0.1215,0
CUST002550,0.2433,0
CUST005001,0.2034,0
CUST001176,0.1904,0
CUST006889,0.216,0
CUST019270,0.1959,0
CUST000582,0.1336,0
CUST006581,0.1685,0
CUST013857,0.1342,0
CUST006559,0.3922,0
CUST011996,0.1736,0
CUST010718,0.1446,0
CUST003629,0.028,0
CUST010395,0.139,0
CUST000731,0.4185,0
CUST015897,0.2057,0
CUST004705,0.1439,0
CUST006979,0.4297,0
CUST017106,0.1182,0
CUST002864,0.1305,0
CUST001179,0.144,0
CUST006199,0.1845,0
CUST003857,0.0776,0
CUST002447,0.3172,0
CUST010263,0.1306,0
CUST009182,0.1111,0
CUST013898,0.2716,0
CUST013669,0.2771,0
CUST007669,0.1455,0
CUST016060,0.2138,0
CUST017371,0.4863,0
CUST016137,0.1809,0
CUST013645,0.1721,0
CUST012740,0.3695,0
CUST012186,0.3737,0
CUST000918,0.2579,0
CUST001349,0.2935,0
CUST009765,0.4987,0
CUST004151,0.1575,0
CUST002006,0.3011,0
CUST015015,0.3287,0
CUST005997,0.181,0
CUST014383,0.0778,0
CUST017555,0.103,0
CUST019961,0.1147,0
CUST001806,0.4152,0
CUST012487,0.0948,0
CUST002106,0.2119,0
CUST014087,0.1748,0
CUST015475,0.3722,0
CUST006902,0.1906,0
CUST008564,0.1077,0
CUST018528,0.3158,0
CUST019458,0.1335,0
CUST016702,0.2729,0
CUST000245,0.119,0
CUST006886,0.1044,0
CUST001436,0.253,0
CUST003529,0.1962,0
CUST005016,0.1968,0
CUST007229,0.0874,0
CUST017668,0.2782,0
CUST007622,0.7583,1
CUST019291,0.157,0
CUST004008,0.1748,0
CUST006118,0.1387,0
CUST004547,0.363,0
CUST015794,0.0933,0
CUST005144,0.2229,0
CUST009991,0.123,0
CUST009323,0.021,0
CUST009133,0.1164,0
CUST017138,0.3164,0
CUST013406,0.1221,0
CUST010814,0.1539,0
CUST007024,0.2334,0
CUST011912,0.1393,0
CUST007364,0.1427,0
CUST015127,0.1921,0
CUST016231,0.1411,0
CUST017881,0.5719,1
CUST019271,0.6015,1
CUST000797,0.1023,0
CUST002805,0.1359,0
CUST013812,0.0983,0
CUST005952,0.1334,0
CUST000947,0.3457,0
CUST013993,0.7992,1
CUST003926,0.1901,0
CUST006490,0.4816,0
CUST008812,0.097,0
CUST008450,0.1352,0
CUST016433,0.5885,1
CUST003633,0.2086,0
CUST002314,0.1269,0
CUST003274,0.7302,1
CUST015290,0.2113,0
CUST013207,0.0227,0
CUST005879,0.2303,0
CUST007912,0.5946,1
CUST014147,0.2683,0
CUST000542,0.6518,1
CUST019680,0.3046,0
CUST002930,0.2934,0
CUST009283,0.2937,0
CUST016723,0.1987,0
CUST006390,0.6921,1
CUST004395,0.1832,0
CUST016210,0.1381,0
CUST012846,0.3085,0
CUST006128,0.4338,0
CUST011040,0.5104,1
CUST018700,0.0747,0
CUST004046,0.393,0
CUST002819,0.1237,0
CUST000776,0.1827,0
CUST003615,0.3286,0
CUST004668,0.0749,0
CUST019288,0.1035,0
CUST015822,0.5982,1
CUST005726,0.1828,0
CUST018212,0.4005,0
CUST014382,0.1717,0
CUST016908,0.1075,0
CUST016003,0.1562,0
CUST012446,0.0139,0
CUST015405,0.1259,0
CUST016915,0.3091,0
CUST010486,0.1396,0
CUST000453,0.1248,0
CUST018947,0.1124,0
CUST001865,0.4822,0
CUST013786,0.1235,0
CUST015259,0.1413,0
CUST002568,0.2287,0
CUST015582,0.082,0
CUST008636,0.1684,0
CUST016722,0.2218,0
CUST005241,0.2395,0
CUST007634,0.1332,0
CUST006770,0.6759,1
CUST006099,0.177,0
CUST011686,0.1594,0
CUST012621,0.2476,0
CUST000899,0.0907,0
CUST008206,0.7551,1
CUST012030,0.1687,0
CUST019668,0.1075,0
CUST000096,0.0746,0
CUST003889,0.0973,0
CUST000870,0.3822,0
CUST010889,0.1396,0
CUST019593,0.1298,0
CUST015957,0.0286,0
CUST015765,0.1206,0
CUST019950,0.0833,0
CUST002905,0.119,0
CUST014272,0.2695,0
CUST007684,0.1696,0
CUST012650,0.346,0
CUST016358,0.2144,0
CUST017699,0.195,0
CUST019057,0.1037,0
CUST008419,0.1894,0
CUST007385,0.1752,0
CUST012423,0.1113,0
CUST007966,0.2369,0
CUST003577,0.2196,0
CUST004537,0.1112,0
CUST019899,0.3953,0
CUST011946,0.2174,0
CUST006311,0.2401,0
CUST010647,0.196,0
CUST000553,0.1985,0
CUST016242,0.1684,0
CUST018962,0.2098,0
CUST017147,0.3143,0
CUST001840,0.4515,0
CUST001052,0.2094,0
CUST018148,0.2675,0
CUST002002,0.3265,0
CUST001324,0.1309,0
CUST009549,0.4466,0
CUST004299,0.1325,0
CUST017698,0.6594,1
CUST007242,0.2891,0
CUST004112,0.1313,0
CUST003210,0.1446,0
CUST002005,0.2113,0
CUST012803,0.2568,0
CUST014110,0.1456,0
CUST016378,0.2961,0
CUST008076,0.1799,0
CUST008227,0.1694,0
CUST017545,0.1037,0
CUST016099,0.2216,0
CUST019168,0.0987,0
CUST016215,0.2172,0
CUST004663,0.0375,0
CUST000223,0.1214,0
CUST010919,0.1056,0
CUST019484,0.082,0
CUST009442,0.133,0
CUST008664,0.087,0
CUST000659,0.1254,0
CUST003793,0.2009,0
CUST005465,0.1709,0
CUST011144,0.1868,0
CUST011526,0.1163,0
CUST005274,0.2681,0
CUST003125,0.6855,1
CUST014716,0.1483,0
CUST017519,0.3328,0
CUST015918,0.5337,1
CUST012608,0.6809,1
CUST009352,0.0432,0
CUST003224,0.1214,0
CUST017836,0.1545,0
CUST019796,0.1356,0
CUST001483,0.1122,0
CUST013216,0.218,0
CUST007266,0.2836,0
CUST002201,0.2245,0
CUST005841,0.1352,0
CUST015902,0.0845,0
CUST019267,0.6378,1
CUST014912,0.2163,0
CUST017526,0.0967,0
CUST006203,0.0988,0
CUST016379,0.1351,0
CUST000396,0.3206,0
CUST018727,0.1044,0
CUST014262,0.3298,0
CUST004618,0.1432,0
CUST009907,0.1459,0
CUST003107,0.183,0
CUST013416,0.3955,0
CUST014824,0.1112,0
CUST015210,0.118,0
CUST003915,0.866,1
CUST001053,0.2163,0
CUST000810,0.1233,0
CUST013378,0.1229,0
CUST008686,0.1412,0
CUST007731,0.1081,0
CUST013911,0.605,1
CUST016528,0.086,0
CUST007761,0.1086,0
CUST006342,0.1221,0
CUST016589,0.1375,0
CUST000736,0.0136,0
CUST008933,0.1774,0
CUST014273,0.1139,0
CUST015650,0.1338,0
CUST003318,0.0141,0
CUST015629,0.1822,0
CUST013340,0.266,0
CUST012820,0.1652,0
CUST018241,0.2238,0
CUST012696,0.1544,0
CUST004344,0.0921,0
CUST008011,0.136,0
CUST001652,0.4526,0
CUST007837,0.1853,0
CUST018741,0.091,0
CUST004691,0.1072,0
CUST016693,0.1038,0
CUST019313,0.167,0
CUST007992,0.1754,0
CUST005194,0.1587,0
CUST005497,0.3039,0
CUST008904,0.1408,0
CUST006435,0.1115,0
CUST010404,0.2028,0
CUST016502,0.1331,0
CUST001412,0.0991,0
CUST017943,0.08,0
CUST006008,0.1381,0
CUST019875,0.0996,0
CUST003127,0.2894,0
CUST002866,0.1524,0
CUST003522,0.1544,0
CUST015327,0.0876,0
CUST014887,0.1118,0
CUST008816,0.1719,0
CUST003153,0.1414,0
CUST019687,0.6888,1
CUST014104,0.3005,0
CUST013358,0.0813,0
CUST000680,0.6316,1
CUST009100,0.1076,0
CUST002830,0.1756,0
CUST014015,0.2502,0
CUST000033,0.1822,0
CUST008368,0.1191,0
CUST005234,0.1582,0
CUST013556,0.5481,1
CUST006591,0.1406,0
CUST005254,0.5604,1
CUST017972,0.1216,0
CUST000161,0.1202,0
CUST000991,0.2638,0
CUST006817,0.1424,0
CUST014948,0.0136,0
CUST015998,0.1212,0
CUST010668,0.1107,0
CUST016122,0.1174,0
CUST004971,0.8438,1
CUST011407,0.7669,1
CUST017998,0.1424,0
CUST014513,0.7276,1
CUST000268,0.1664,0
CUST004449,0.2185,0
CUST004365,0.1661,0
CUST016748,0.2221,0
CUST009709,0.1949,0
CUST002163,0.1044,0
CUST013440,0.1454,0
CUST012511,0.1385,0
CUST006020,0.7165,1
CUST015536,0.0148,0
CUST019594,0.3094,0
CUST010654,0.1676,0
CUST010700,0.4366,0
CUST018855,0.5539,1
CUST013036,0.298,0
CUST014282,0.206,0
CUST012699,0.1087,0
CUST015688,0.1943,0
CUST007131,0.1124,0
CUST000505,0.1433,0
CUST009455,0.5736,1
CUST012272,0.7988,1
CUST007821,0.1117,0
CUST009105,0.3148,0
CUST004083,0.2514,0
CUST006587,0.1557,0
CUST009581,0.3311,0
CUST018956,0.0983,0
CUST017252,0.1088,0
CUST018125,0.6214,1
CUST015618,0.1134,0
CUST011516,0.1473,0
CUST013424,0.1866,0
CUST000864,0.127,0
CUST017696,0.118,0
CUST015267,0.3109,0
CUST014227,0.1935,0
CUST016916,0.1588,0
CUST012655,0.1518,0
CUST000446,0.184,0
CUST017180,0.2364,0
CUST009953,0.1146,0
CUST019781,0.2558,0
CUST003654,0.8382,1
CUST012146,0.1653,0
CUST013607,0.2051,0
CUST000546,0.5974,1
CUST003464,0.2619,0
CUST004324,0.1499,0
CUST016257,0.1625,0
CUST009193,0.19,0
CUST008093,0.1794,0
CUST019388,0.1925,0
CUST004040,0.29,0
CUST007135,0.1513,0
CUST010856,0.1288,0
CUST002787,0.0268,0
CUST011763,0.0885,0
CUST016785,0.2014,0
CUST005638,0.1552,0
CUST018563,0.0142,0
CUST005885,0.2092,0
CUST019857,0.0995,0
CUST018952,0.0274,0
CUST005206,0.1229,0
CUST009399,0.1081,0
CUST014140,0.1894,0
CUST019008,0.1387,0
CUST006438,0.014,0
CUST006616,0.4211,0
CUST014445,0.6309,1
CUST015713,0.1669,0
CUST010096,0.7303,1
CUST001836,0.0324,0
CUST015730,0.1455,0
CUST017168,0.1286,0
CUST008627,0.595,1
CUST007022,0.1926,0
CUST016308,0.1547,0
CUST003690,0.0992,0
CUST017567,0.1072,0
CUST008056,0.0239,0
CUST018912,0.1838,0
CUST014446,0.1107,0
CUST003207,0.1629,0
CUST003659,0.8144,1
CUST015938,0.2066,0
CUST018447,0.151,0
CUST012637,0.1465,0
CUST010776,0.1688,0
CUST009756,0.0799,0
CUST018970,0.7186,1
CUST013402,0.0901,0
CUST006819,0.1663,0
CUST003285,0.1726,0
CUST017099,0.0924,0
CUST005056,0.2519,0
CUST018819,0.5055,1
CUST005396,0.0817,0
CUST001551,0.0788,0
CUST009079,0.0917,0
CUST009252,0.3547,0
CUST012629,0.19,0
CUST015228,0.6455,1
CUST003911,0.229,0
CUST019203,0.3918,0
CUST011856,0.1844,0
CUST002707,0.1539,0
CUST016255,0.1488,0
CUST014212,0.1892,0
CUST004874,0.8516,1
CUST010616,0.2989,0
CUST000022,0.2665,0
CUST006660,0.1011,0
CUST008184,0.1846,0
CUST017122,0.1332,0
CUST013160,0.2266,0
CUST010037,0.1431,0
CUST009089,0.2424,0
CUST018523,0.0977,0
CUST012638,0.2745,0
CUST013581,0.5722,1
CUST007378,0.653,1
CUST007891,0.1767,0
CUST001359,0.1617,0
CUST008436,0.2553,0
CUST004485,0.1717,0
CUST008496,0.1766,0
CUST012838,0.0895,0
CUST016222,0.1404,0
CUST000775,0.1316,0
CUST019646,0.1368,0
CUST017412,0.1842,0
CUST001445,0.1235,0
CUST002195,0.1061,0
CUST011383,0.2995,0
CUST019170,0.238,0
CUST011344,0.3254,0
CUST001559,0.136,0
CUST013136,0.1386,0
CUST007844,0.2565,0
CUST002329,0.1141,0
CUST005039,0.3954,0
CUST005347,0.2,0
CUST019971,0.1297,0
CUST019789,0.522,1
CUST012471,0.2071,0
CUST014240,0.4732,0
CUST011392,0.1738,0
CUST004898,0.1374,0
CUST014510,0.6261,1
CUST012996,0.183,0
CUST017185,0.1116,0
CUST003835,0.1685,0
CUST000125,0.1779,0
CUST007753,0.1104,0
CUST012148,0.5553,1
CUST013111,0.1858,0
CUST008671,0.1057,0
CUST014919,0.1168,0
CUST016901,0.5256,1
CUST006370,0.1155,0
CUST000376,0.1098,0
CUST001011,0.7261,1
CUST002861,0.4311,0
CUST016189,0.2668,0
CUST013531,0.7142,1
CUST010952,0.1087,0
CUST015469,0.4623,0
CUST009459,0.299,0
CUST015120,0.1741,0
CUST008403,0.1021,0
CUST019522,0.1183,0
CUST002603,0.1716,0
CUST013108,0.6779,1
CUST001469,0.0187,0
CUST014639,0.72,1
CUST018073,0.1185,0
CUST015500,0.1868,0
CUST010289,0.5284,1
CUST008931,0.4372,0
CUST004447,0.1763,0
CUST006502,0.1065,0
CUST004559,0.8084,1
CUST009047,0.1113,0
CUST010631,0.1446,0
CUST003563,0.1466,0
CUST000510,0.1341,0
CUST003269,0.2456,0
CUST019541,0.1534,0
CUST006515,0.6175,1
CUST008113,0.3638,0
CUST016938,0.1294,0
CUST012635,0.1791,0
CUST010537,0.1002,0
CUST012485,0.155,0
CUST018773,0.2201,0
CUST013978,0.1941,0
CUST015584,0.1705,0
CUST010423,0.2865,0
CUST009539,0.1429,0
CUST015453,0.1068,0
CUST010473,0.288,0
CUST016990,0.0233,0
CUST002134,0.161,0
CUST014898,0.3522,0
CUST011910,0.1524,0
CUST010101,0.1056,0
CUST018589,0.1215,0
CUST011224,0.4781,0
CUST007903,0.7637,1
CUST004398,0.1301,0
CUST012620,0.1584,0
CUST015671,0.1522,0
CUST018775,0.3335,0
CUST016040,0.1906,0
CUST013985,0.4259,0
CUST008851,0.1078,0
CUST009130,0.2032,0
CUST008513,0.093,0
CUST002765,0.1072,0
CUST008493,0.5734,1
CUST001421,0.0926,0
CUST017442,0.7889,1
CUST012799,0.1194,0
CUST002467,0.0137,0
CUST000844,0.1093,0
CUST008629,0.2141,0
CUST013972,0.1107,0
CUST005821,0.1822,0
CUST002503,0.733,1
CUST009647,0.1109,0
CUST016636,0.1595,0
CUST012812,0.1381,0
CUST014268,0.6789,1
CUST006690,0.1463,0
CUST017132,0.153,0
CUST009188,0.1554,0
CUST002927,0.0928,0
CUST018042,0.196,0
CUST007253,0.0483,0
CUST019075,0.1605,0
CUST008900,0.2723,0
CUST017606,0.2438,0
CUST001307,0.0233,0
CUST015027,0.1347,0
CUST016996,0.1128,0
CUST006225,0.1488,0
CUST011466,0.6295,1
CUST014630,0.1209,0
CUST018565,0.148,0
CUST000375,0.1439,0
CUST015486,0.1528,0
CUST006598,0.3147,0
CUST008004,0.0941,0
CUST005705,0.6189,1
CUST014261,0.1539,0
CUST019460,0.5561,1
CUST004509,0.1219,0
CUST013423,0.4343,0
CUST007209,0.1568,0
CUST008918,0.1446,0
CUST006170,0.2192,0
CUST001742,0.7127,1
CUST008475,0.1167,0
CUST002159,0.6935,1
CUST000153,0.7056,1
CUST002769,0.3275,0
CUST017398,0.1711,0
CUST013466,0.2643,0
CUST008684,0.1495,0
CUST000676,0.7377,1
CUST018612,0.7818,1
CUST014057,0.1199,0
CUST013140,0.2081,0
CUST017463,0.0249,0
CUST016727,0.127,0
CUST005009,0.0997,0
CUST009652,0.1088,0
CUST018658,0.1262,0
CUST008552,0.2818,0
CUST010314,0.6033,1
CUST001371,0.2706,0
CUST004876,0.1122,0
CUST011886,0.2394,0
CUST001356,0.559,1
CUST018043,0.1516,0
CUST008072,0.3287,0
CUST019117,0.2863,0
CUST004901,0.1287,0
CUST015669,0.4502,0
CUST012932,0.1463,0
CUST009517,0.0905,0
CUST018497,0.2659,0
CUST003538,0.1792,0
CUST017393,0.3475,0
CUST001167,0.1323,0
CUST006182,0.1328,0
CUST005068,0.0248,0
CUST016758,0.1527,0
CUST005380,0.316,0
CUST019455,0.1718,0
CUST014963,0.3447,0
CUST007098,0.1252,0
CUST009548,0.1605,0
CUST005287,0.1773,0
CUST002562,0.443,0
CUST004460,0.132,0
CUST001596,0.6035,1
CUST012253,0.1351,0
CUST000707,0.1856,0
CUST017142,0.121,0
CUST016855,0.2109,0
CUST005782,0.4874,0
CUST013863,0.1666,0
CUST003704,0.2896,0
CUST002663,0.4977,0
CUST000652,0.872,1
CUST005364,0.4009,0
CUST004430,0.1229,0
CUST016375,0.3854,0
CUST010954,0.0139,0
CUST006233,0.474,0
CUST019183,0.1043,0
CUST019234,0.6793,1
CUST005766,0.1211,0
CUST014968,0.1685,0
CUST018172,0.2491,0
CUST012119,0.1939,0
CUST010215,0.0729,0
CUST002767,0.1228,0
CUST005457,0.2338,0
CUST006610,0.1117,0
CUST009682,0.1044,0
CUST013778,0.4432,0
CUST004229,0.3911,0
CUST017462,0.1509,0
CUST012657,0.0618,0
CUST017904,0.1454,0
CUST019176,0.1283,0
CUST008459,0.6398,1
CUST000008,0.1392,0
CUST001465,0.4498,0
CUST016277,0.5832,1
CUST005468,0.8257,1
CUST015758,0.1317,0
CUST007595,0.0735,0
CUST011630,0.1851,0
CUST013012,0.2345,0
CUST000401,0.121,0
CUST015459,0.1369,0
CUST006137,0.1995,0
CUST003326,0.1732,0
CUST002611,0.1513,0
CUST005079,0.1066,0
CUST011838,0.2133,0
CUST010072,0.1081,0
CUST016469,0.8452,1
CUST003748,0.1284,0
CUST007201,0.512,1
CUST019152,0.1037,0
CUST014556,0.1004,0
CUST008048,0.7645,1
CUST000825,0.2457,0
CUST002908,0.1411,0
CUST013897,0.5269,1
CUST015434,0.129,0
CUST012078,0.0237,0
CUST003093,0.1089,0
CUST006196,0.3831,0
CUST011111,0.1676,0
CUST017619,0.633,1
CUST009274,0.1503,0
CUST015308,0.1058,0
CUST018585,0.1736,0
CUST016925,0.178,0
CUST012028,0.1299,0
CUST001499,0.2054,0
CUST001395,0.0894,0
CUST002349,0.2832,0
CUST008219,0.5361,1
CUST011977,0.1188,0
CUST016713,0.2244,0
CUST010722,0.711,1
CUST005057,0.2523,0
CUST011440,0.0952,0
CUST007569,0.2381,0
CUST006993,0.1143,0
CUST005435,0.5152,1
CUST005025,0.5352,1
CUST007170,0.1899,0
CUST019172,0.2551,0
CUST008854,0.2255,0
CUST004308,0.65,1
CUST019870,0.3651,0
CUST006176,0.2814,0
CUST012834,0.3226,0
CUST019263,0.3152,0
CUST016145,0.0879,0
CUST015421,0.1654,0
CUST018518,0.6815,1
CUST004359,0.1593,0
CUST019192,0.1192,0
CUST009927,0.1355,0
CUST015670,0.7322,1
CUST002311,0.245,0
CUST009483,0.0956,0
CUST009476,0.1178,0
CUST004187,0.1228,0
CUST015129,0.8337,1
CUST016843,0.1543,0
CUST010990,0.1214,0
CUST018452,0.071,0
CUST004438,0.0965,0
CUST015499,0.1476,0
CUST009698,0.2405,0
CUST009535,0.1673,0
CUST011062,0.1196,0
CUST004179,0.1394,0
CUST007729,0.142,0
CUST015293,0.3328,0
CUST014049,0.0136,0
CUST007112,0.1282,0
CUST002132,0.1078,0
CUST019970,0.1369,0
CUST007934,0.1492,0
CUST019110,0.2543,0
CUST013139,0.1653,0
CUST007303,0.1392,0
CUST003019,0.116,0
CUST014831,0.7427,1
CUST003988,0.1538,0
CUST005342,0.1565,0
CUST007023,0.1752,0
CUST015909,0.2089,0
CUST010756,0.237,0
CUST013355,0.1764,0
CUST005660,0.2924,0
CUST013419,0.2167,0
CUST000523,0.3784,0
CUST002642,0.1181,0
CUST001260,0.1206,0
CUST003622,0.11,0
CUST009468,0.165,0
CUST014884,0.1227,0
CUST016229,0.1168,0
CUST000718,0.7715,1
CUST010671,0.1706,0
CUST014865,0.8269,1
CUST006570,0.1282,0
CUST019279,0.2289,0
CUST002396,0.2075,0
CUST012474,0.1346,0
CUST012793,0.1741,0
CUST013011,0.4781,0
CUST017016,0.3839,0
CUST013254,0.2066,0
CUST000954,0.1243,0
CUST011065,0.1785,0
CUST015457,0.1879,0
CUST019838,0.0926,0
CUST004856,0.4652,0
CUST016289,0.2864,0
CUST018954,0.1531,0
CUST014821,0.5973,1
CUST000638,0.4709,0
CUST013602,0.122,0
CUST001845,0.645,1
CUST005252,0.1471,0
CUST017695,0.2103,0
CUST015558,0.1187,0
CUST000822,0.3586,0
CUST006266,0.8424,1
CUST013137,0.1217,0
CUST011262,0.6156,1
CUST004513,0.3548,0
CUST012032,0.6304,1
CUST005512,0.1958,0
CUST005776,0.1017,0
CUST000694,0.2217,0
CUST002242,0.1699,0
CUST003494,0.2176,0
CUST016422,0.1998,0
CUST002772,0.1503,0
CUST000496,0.2767,0
CUST017872,0.1623,0
CUST011313,0.1916,0
CUST005612,0.0255,0
CUST006166,0.3862,0
CUST010677,0.052,0
CUST012170,0.1805,0
CUST001895,0.0881,0
CUST008818,0.2506,0
CUST013044,0.62,1
CUST006848,0.1709,0
CUST014134,0.2194,0
CUST008086,0.2065,0
CUST013601,0.1705,0
CUST004070,0.13,0
CUST019378,0.3262,0
CUST015232,0.1715,0
CUST015659,0.2111,0
CUST015928,0.5095,1
CUST014599,0.3268,0
CUST003546,0.5899,1
CUST001414,0.0901,0
CUST003932,0.2917,0
CUST010755,0.1188,0
CUST016927,0.3742,0
CUST019462,0.224,0
CUST006135,0.1267,0
CUST007967,0.4417,0
CUST015161,0.308,0
CUST010772,0.598,1
CUST015303,0.1232,0
CUST011539,0.0887,0
CUST016857,0.133,0
CUST008979,0.3308,0
CUST006630,0.1334,0
CUST007859,0.1273,0
CUST014952,0.1707,0
CUST013647,0.0842,0
CUST016453,0.4171,0
CUST015169,0.1038,0
CUST013555,0.1655,0
CUST017003,0.3004,0
CUST008674,0.72,1
CUST009832,0.139,0
CUST001056,0.1807,0
CUST007971,0.188,0
CUST009707,0.2013,0
CUST008530,0.7438,1
CUST017957,0.1097,0
CUST005029,0.0968,0
CUST009788,0.1868,0
CUST000045,0.6878,1
CUST001582,0.238,0
CUST005901,0.0144,0
CUST011931,0.1103,0
CUST001655,0.1448,0
CUST016845,0.1347,0
CUST003302,0.8423,1
CUST004236,0.1357,0
CUST003314,0.185,0
CUST012510,0.1516,0
CUST004756,0.3437,0
CUST017498,0.84,1
CUST017038,0.144,0
CUST003335,0.1991,0
CUST005951,0.0248,0
CUST006304,0.3208,0
CUST016892,0.1802,0
CUST002516,0.1078,0
CUST019638,0.2303,0
CUST009072,0.0927,0
CUST005690,0.0989,0
CUST004061,0.0895,0
CUST008273,0.5821,1
CUST012174,0.1419,0
CUST006301,0.1296,0
CUST005912,0.1356,0
CUST004458,0.8505,1
CUST008963,0.298,0
CUST008862,0.274,0
CUST009780,0.6151,1
CUST004807,0.1567,0
CUST010377,0.1643,0
CUST013481,0.1382,0
CUST015304,0.356,0
CUST019849,0.1202,0
CUST015535,0.3013,0
CUST004091,0.1513,0
CUST017518,0.1592,0
CUST009368,0.2688,0
CUST013408,0.2784,0
CUST006617,0.0953,0
CUST005724,0.1455,0
CUST014501,0.2085,0
CUST007226,0.0969,0
CUST001124,0.235,0
CUST014881,0.3838,0
CUST015965,0.1938,0
CUST008540,0.122,0
CUST019733,0.122,0
CUST005527,0.1076,0
CUST016151,0.1143,0
CUST005133,0.1237,0
CUST009929,0.0813,0
CUST002318,0.3888,0
CUST017841,0.045,0
CUST016438,0.1833,0
CUST018996,0.1288,0
CUST006222,0.6608,1
CUST014672,0.1295,0
CUST006006,0.2267,0
CUST012223,0.1475,0
CUST014713,0.3147,0
CUST002129,0.1043,0
CUST009566,0.2881,0
CUST015191,0.3695,0
CUST004443,0.2655,0
CUST015385,0.259,0
CUST018713,0.1407,0
CUST018551,0.1035,0
CUST008526,0.2473,0
CUST005445,0.6311,1
CUST004533,0.7883,1
CUST004927,0.2278,0
CUST018418,0.7607,1
CUST005898,0.1322,0
CUST005799,0.1046,0
CUST015931,0.8682,1
CUST005469,0.1521,0
CUST008326,0.1496,0
CUST011848,0.1765,0
CUST015843,0.7613,1
CUST006241,0.0138,0
CUST002296,0.8592,1
CUST004002,0.315,0
CUST014858,0.1731,0
CUST015984,0.1232,0
CUST002074,0.2029,0
CUST018478,0.2198,0
CUST014137,0.1124,0
CUST004984,0.0144,0
CUST014114,0.303,0
CUST009534,0.0974,0
CUST005707,0.2476,0
CUST018068,0.2468,0
CUST017011,0.1537,0
CUST008483,0.6555,1
CUST015708,0.1445,0
CUST000218,0.3239,0
CUST019884,0.139,0
CUST017457,0.2351,0
CUST015320,0.1608,0
CUST001319,0.1444,0
CUST005675,0.2513,0
CUST014287,0.1064,0
CUST013501,0.2582,0
CUST018964,0.1976,0
CUST010610,0.673,1
CUST015941,0.7438,1
CUST009474,0.1733,0
CUST000456,0.1031,0
CUST018649,0.0896,0
CUST004502,0.1472,0
CUST014522,0.2091,0
CUST018349,0.177,0
CUST009365,0.1103,0
CUST014876,0.1617,0
CUST003117,0.1334,0
CUST007220,0.1235,0
CUST017582,0.1585,0
CUST007849,0.2978,0
CUST010028,0.2182,0
CUST007576,0.2704,0
CUST011491,0.2115,0
CUST000196,0.1447,0
CUST001183,0.153,0
CUST014535,0.1892,0
CUST012722,0.3232,0
CUST011913,0.4627,0
CUST019786,0.7473,1
CUST005526,0.4837,0
CUST016699,0.8259,1
CUST011159,0.1648,0
CUST019295,0.198,0
CUST017286,0.1017,0
CUST001739,0.2564,0
CUST015442,0.1765,0
CUST006586,0.1369,0
CUST012734,0.1324,0
CUST015245,0.1749,0
CUST005733,0.1033,0
CUST015494,0.2841,0
CUST011171,0.014,0
CUST003020,0.1151,0
CUST002285,0.3642,0
CUST011803,0.572,1
CUST017843,0.1181,0
CUST011326,0.1038,0
CUST002487,0.1412,0
CUST018796,0.1394,0
CUST010458,0.1545,0
CUST002302,0.1005,0
CUST001827,0.1133,0
CUST009073,0.4429,0
CUST007236,0.6071,1
CUST018824,0.1358,0
CUST001066,0.4939,0
CUST017397,0.8204,1
CUST013060,0.1323,0
CUST019070,0.1293,0
CUST013291,0.1455,0
CUST004690,0.346,0
CUST000970,0.1119,0
CUST016998,0.5206,1
CUST019793,0.1374,0
CUST015095,0.2251,0
CUST004250,0.1336,0
CUST002004,0.1746,0
CUST010298,0.1542,0
CUST010368,0.8565,1
CUST016140,0.48,0
CUST013047,0.1134,0
CUST008647,0.1638,0
CUST003647,0.1621,0
CUST010164,0.1439,0
CUST012628,0.1808,0
CUST009464,0.2797,0
CUST004740,0.2128,0
CUST019470,0.2127,0
CUST006845,0.1198,0
CUST019413,0.2467,0
CUST010370,0.4668,0
CUST011596,0.1698,0
CUST006808,0.1666,0
CUST015256,0.4808,0
CUST007892,0.3027,0
CUST017673,0.0267,0
CUST013760,0.1462,0
CUST010891,0.0273,0
CUST019122,0.1224,0
CUST003878,0.077,0
CUST003370,0.1369,0
CUST013471,0.6542,1
CUST014715,0.2284,0
CUST018194,0.4653,0
CUST001601,0.1843,0
CUST019746,0.5143,1
CUST019359,0.1313,0
CUST001016,0.1184,0
CUST011142,0.1124,0
CUST009447,0.3281,0
CUST016274,0.0147,0
CUST012592,0.2411,0
CUST002718,0.0944,0
CUST002880,0.2044,0
CUST011066,0.0816,0
CUST013590,0.1753,0
CUST016479,0.2307,0
CUST010617,0.0957,0
CUST002701,0.1808,0
CUST007820,0.1321,0
CUST003653,0.1472,0
CUST013706,0.117,0
CUST004816,0.3394,0
CUST009572,0.8628,1
CUST003473,0.3168,0
CUST015548,0.3238,0
CUST003923,0.1236,0
CUST014241,0.1362,0
CUST001844,0.1952,0
CUST010065,0.6198,1
CUST001370,0.1967,0
CUST002809,0.241,0
CUST018652,0.0917,0
CUST011232,0.1641,0
CUST015573,0.169,0
CUST007138,0.205,0
CUST008000,0.1839,0
CUST008567,0.1274,0
CUST018779,0.0133,0
CUST003053,0.3052,0
CUST010715,0.2778,0
CUST017032,0.3896,0
CUST010753,0.0768,0
CUST008016,0.323,0
CUST010748,0.1411,0
CUST008190,0.1992,0
CUST017562,0.1337,0
CUST004786,0.1151,0
CUST009558,0.1468,0
CUST010724,0.1563,0
CUST001871,0.1441,0
CUST019905,0.2127,0
CUST009869,0.1158,0
CUST013996,0.196,0
CUST003150,0.1488,0
CUST004795,0.0144,0
CUST015138,0.2014,0
CUST015416,0.1912,0
CUST006596,0.168,0
CUST006445,0.0568,0
CUST018580,0.1021,0
CUST002436,0.3303,0
CUST000403,0.1299,0
CUST007685,0.0911,0
CUST006939,0.6244,1
CUST017364,0.4152,0
CUST016072,0.1515,0
CUST014230,0.1754,0
CUST018086,0.3598,0
CUST009947,0.1408,0
CUST008350,0.8574,1
CUST002049,0.0935,0
CUST010538,0.1375,0
CUST012180,0.1323,0
CUST010899,0.7151,1
CUST014785,0.3746,0
CUST004721,0.1288,0
CUST008230,0.8005,1
CUST008029,0.6085,1
CUST011041,0.169,0
CUST009426,0.141,0
CUST018904,0.3513,0
CUST015898,0.3469,0
CUST009404,0.123,0
CUST009886,0.177,0
CUST000860,0.1842,0
CUST014041,0.1375,0
CUST019563,0.1171,0
CUST006455,0.506,1
CUST004541,0.1142,0
CUST000611,0.2643,0
CUST007146,0.1581,0
CUST006927,0.1855,0
CUST006858,0.2852,0
CUST005115,0.1183,0
CUST005231,0.148,0
CUST009394,0.1643,0
CUST008595,0.1561,0
CUST010779,0.2272,0
CUST018106,0.7929,1
CUST005560,0.156,0
CUST014801,0.1566,0
CUST011339,0.4676,0
CUST002762,0.1858,0
CUST004136,0.1607,0
CUST003407,0.1986,0
CUST003750,0.5435,1
CUST009248,0.1387,0
CUST018060,0.1946,0
CUST016959,0.1223,0
CUST017026,0.2518,0
CUST012982,0.3854,0
CUST011546,0.1671,0
CUST009269,0.1094,0
CUST003864,0.1387,0
CUST009822,0.1936,0
CUST009595,0.1293,0
CUST014090,0.1799,0
CUST011241,0.088,0
CUST005650,0.1445,0
CUST012863,0.3663,0
CUST004252,0.1827,0
CUST018020,0.1891,0
CUST010643,0.6134,1
CUST019582,0.1232,0
CUST008193,0.135,0
CUST010682,0.2285,0
CUST007459,0.1525,0
CUST012736,0.4802,0
CUST014218,0.1694,0
CUST003140,0.5004,1
CUST001125,0.1615,0
CUST010956,0.14,0
CUST014312,0.1846,0
CUST000213,0.8118,1
CUST019830,0.2225,0
CUST012984,0.7865,1
CUST017608,0.1213,0
CUST008225,0.4016,0
CUST012797,0.1478,0
CUST010900,0.1843,0
CUST007801,0.8837,1
CUST006609,0.0848,0
CUST016847,0.1019,0
CUST012123,0.1053,0
CUST013279,0.1102,0
CUST014958,0.2129,0
CUST014343,0.1136,0
CUST007824,0.1382,0
CUST003295,0.1049,0
CUST004735,0.253,0
CUST017537,0.1684,0
CUST002221,0.4551,0
CUST004182,0.6911,1
CUST005825,0.1395,0
CUST012680,0.0692,0
CUST012169,0.1074,0
CUST003043,0.1578,0
CUST015623,0.6465,1
CUST015355,0.1012,0
CUST008367,0.1855,0
CUST018883,0.0908,0
CUST016455,0.2021,0
CUST013757,0.3336,0
CUST013215,0.167,0
CUST015649,0.153,0
CUST008407,0.2244,0
CUST014534,0.1849,0
CUST018718,0.163,0
CUST012912,0.3025,0
CUST009830,0.1616,0
CUST003501,0.5552,1
CUST014444,0.1698,0
CUST016411,0.1114,0
CUST011314,0.3084,0
CUST002455,0.3952,0
CUST001491,0.1744,0
CUST006070,0.6034,1
CUST006383,0.1419,0
CUST012499,0.1532,0
CUST012040,0.2072,0
CUST015275,0.1271,0
CUST015131,0.2297,0
CUST007408,0.1144,0
CUST001809,0.1371,0
CUST016442,0.2399,0
CUST007142,0.17,0
CUST004849,0.4571,0
CUST003806,0.151,0
CUST010574,0.1449,0
CUST011403,0.5236,1
CUST010850,0.2143,0
CUST014175,0.745,1
CUST002913,0.1146,0
CUST009155,0.3266,0
CUST008226,0.2662,0
CUST000708,0.2646,0
CUST016905,0.5728,1
CUST002352,0.1156,0
CUST003410,0.1327,0
CUST015640,0.1222,0
CUST016859,0.1219,0
CUST004504,0.163,0
CUST006706,0.3693,0
CUST005215,0.2119,0
CUST012438,0.1167,0
CUST018476,0.2317,0
CUST001591,0.1318,0
CUST003948,0.1776,0
CUST019476,0.0845,0
CUST000089,0.1489,0
CUST008621,0.1095,0
CUST006187,0.6879,1
CUST019695,0.1198,0
CUST011859,0.5452,1
CUST010428,0.2162,0
CUST004442,0.0783,0
CUST000302,0.2322,0
CUST008173,0.1301,0
CUST019453,0.2339,0
CUST011460,0.1017,0
CUST017595,0.1578,0
CUST002965,0.1687,0
CUST005027,0.4883,0
CUST010277,0.1328,0
CUST009727,0.1597,0
CUST014810,0.1129,0
CUST007425,0.1393,0
CUST009349,0.0972,0
CUST004317,0.1787,0
CUST013174,0.1813,0
CUST016009,0.278,0
CUST005076,0.3131,0
CUST009224,0.7727,1
CUST013470,0.1277,0
CUST019289,0.1579,0
CUST003255,0.7478,1
CUST014736,0.2389,0
CUST007722,0.1249,0
CUST003026,0.1218,0
CUST011934,0.1372,0
CUST019896,0.2875,0
CUST000024,0.192,0
CUST003611,0.6838,1
CUST017605,0.3887,0
CUST000187,0.1789,0
CUST002597,0.1934,0
CUST016684,0.1456,0
CUST018787,0.1104,0
CUST002348,0.4034,0
CUST006424,0.1088,0
CUST002169,0.1505,0
CUST005972,0.0689,0
CUST018377,0.1962,0
CUST000506,0.1292,0
CUST013486,0.0205,0
CUST006263,0.2208,0
CUST017895,0.1188,0
CUST006102,0.1695,0
CUST017310,0.1453,0
CUST010036,0.1097,0
CUST015317,0.2684,0
CUST016031,0.4735,0
CUST003394,0.1414,0
CUST001996,0.1013,0
CUST007541,0.1094,0
CUST001989,0.5345,1
CUST009612,0.2021,0
CUST016584,0.8043,1
CUST006670,0.1623,0
CUST018191,0.3526,0
CUST010168,0.4523,0
CUST015391,0.127,0
CUST010812,0.1212,0
CUST009739,0.2638,0
CUST019659,0.5162,1
CUST015208,0.4433,0
CUST012723,0.1404,0
CUST012079,0.1366,0
CUST004675,0.0871,0
CUST017925,0.1161,0
CUST006760,0.1816,0
CUST005892,0.4649,0
CUST007026,0.3512,0
CUST012822,0.2355,0
CUST007693,0.1369,0
CUST004727,0.2232,0
CUST003381,0.1253,0
CUST007139,0.5808,1
CUST002737,0.2915,0
CUST018009,0.695,1
CUST011906,0.2926,0
CUST005158,0.7675,1
CUST011966,0.8437,1
CUST012583,0.1126,0
CUST019858,0.6611,1
CUST009553,0.1572,0
CUST016724,0.1263,0
CUST008070,0.102,0
CUST007630,0.2196,0
CUST013890,0.8781,1
CUST003137,0.1335,0
CUST011484,0.114,0
CUST007363,0.3398,0
CUST007375,0.0991,0
CUST014836,0.1259,0
CUST003254,0.1213,0
CUST003121,0.8263,1
CUST009661,0.2764,0
CUST005145,0.1201,0
CUST002219,0.1426,0
CUST005792,0.1663,0
CUST005464,0.1004,0
CUST008624,0.2598,0
CUST000597,0.1674,0
CUST012659,0.1364,0
CUST007547,0.1877,0
CUST003752,0.1305,0
CUST018916,0.1408,0
CUST019740,0.8789,1
CUST013236,0.5581,1
CUST013008,0.1309,0
CUST017535,0.208,0
CUST008378,0.128,0
CUST015225,0.0873,0
CUST018404,0.2565,0
CUST013478,0.315,0
CUST017007,0.3446,0
CUST008599,0.4681,0
CUST001567,0.1276,0
CUST003089,0.2506,0
CUST003851,0.205,0
CUST010114,0.1161,0
CUST010694,0.1052,0
CUST019053,0.0975,0
CUST003580,0.1115,0
CUST005520,0.1959,0
CUST013503,0.132,0
CUST002084,0.32,0
CUST012920,0.1213,0
CUST019919,0.179,0
CUST018814,0.022,0
CUST009997,0.1102,0
CUST013935,0.1031,0
CUST000720,0.1927,0
CUST007004,0.565,1
CUST003545,0.1417,0
CUST008263,0.1826,0
CUST011483,0.2304,0
CUST000009,0.5829,1
CUST004168,0.1304,0
CUST002020,0.1858,0
CUST006549,0.1715,0
CUST000102,0.1403,0
CUST004113,0.1287,0
CUST016775,0.3254,0
CUST013648,0.4932,0
CUST006998,0.1983,0
CUST013518,0.1259,0
CUST000984,0.1555,0
CUST019336,0.3912,0
CUST017419,0.09,0
CUST015964,0.1848,0
CUST006938,0.1291,0
CUST006119,0.162,0
CUST002747,0.1596,0
CUST010881,0.4755,0
CUST003572,0.8608,1
CUST003540,0.1398,0
CUST011797,0.1505,0
CUST002180,0.2262,0
CUST015436,0.1244,0
CUST009782,0.0139,0
CUST019393,0.5491,1
CUST002453,0.015,0
CUST009171,0.2802,0
CUST011021,0.3535,0
CUST007539,0.1006,0
CUST015517,0.59,1
CUST009391,0.7464,1
CUST002935,0.127,0
CUST000070,0.1494,0
CUST013007,0.1452,0
CUST015711,0.0871,0
CUST002425,0.172,0
CUST009431,0.0842,0
CUST005934,0.3189,0
CUST009405,0.1217,0
CUST018619,0.1185,0
CUST001771,0.1343,0
CUST004890,0.1253,0
CUST012914,0.2728,0
CUST019607,0.8872,1
CUST012526,0.1141,0
CUST012560,0.1345,0
CUST016683,0.1486,0
CUST004323,0.0214,0
CUST017979,0.17,0
CUST009103,0.1219,0
CUST008366,0.0927,0
CUST010552,0.5098,1
CUST009586,0.1157,0
CUST007647,0.6198,1
CUST010840,0.1302,0
CUST010861,0.1233,0
CUST008922,0.597,1
CUST014439,0.3299,0
CUST009258,0.0996,0
CUST001856,0.23,0
CUST001361,0.1619,0
CUST015729,0.1134,0
CUST001399,0.5413,1
CUST001855,0.7653,1
CUST013282,0.2517,0
CUST004471,0.1218,0
CUST012910,0.0842,0
CUST017858,0.2332,0
CUST015471,0.1974,0
CUST017804,0.5154,1
CUST017368,0.1346,0
CUST019457,0.2121,0
CUST001678,0.7134,1
CUST018184,0.4825,0
CUST013261,0.1385,0
CUST005805,0.2229,0
CUST001744,0.1747,0
CUST012878,0.1129,0
CUST010302,0.1054,0
CUST011182,0.1807,0
CUST009225,0.1335,0
CUST016214,0.1824,0
CUST008930,0.1311,0
CUST001405,0.1907,0
CUST002640,0.4684,0
CUST011130,0.8092,1
CUST002875,0.2152,0
CUST017317,0.2034,0
CUST010684,0.0143,0
CUST005622,0.8777,1
CUST019065,0.1343,0
CUST012250,0.1811,0
CUST018669,0.1021,0
CUST011431,0.1594,0
CUST002635,0.0321,0
CUST000717,0.2911,0
CUST011410,0.499,0
CUST013947,0.1365,0
CUST009167,0.2317,0
CUST017944,0.1141,0
CUST014536,0.1428,0
CUST004162,0.7036,1
CUST018466,0.1297,0
CUST013751,0.1993,0
CUST018347,0.6349,1
