customer_id,predicted_churn
CUST008425,0
CUST018685,0
CUST014204,0
CUST018747,0
CUST010805,0
CUST009022,0
CUST007853,0
CUST007815,1
CUST017733,1
CUST002398,0
CUST000509,0
CUST011907,0
CUST014879,0
CUST018138,0
CUST005135,0
CUST011933,0
CUST009136,0
CUST000039,0
CUST005590,0
CUST007864,0
CUST013624,1
CUST003783,0
CUST019785,0
CUST017928,0
CUST010119,0
CUST000969,1
CUST001563,0
CUST001930,0
CUST004313,1
CUST014843,0
CUST006924,0
CUST017581,1
CUST009090,1
CUST007835,0
CUST009408,0
CUST015252,0
CUST006866,1
CUST009425,1
CUST011897,0
CUST004505,0
CUST014755,0
CUST007110,0
CUST017081,0
CUST000393,1
CUST012664,0
CUST012633,0
CUST011608,0
CUST003086,0
CUST007231,0
CUST017603,0
CUST001696,0
CUST010841,0
CUST002382,0
CUST008986,0
CUST017638,0
CUST010015,0
CUST010628,1
CUST019044,0
CUST019035,0
CUST004530,1
CUST014954,0
CUST010330,0
CUST007235,0
CUST013127,0
CUST017389,0
CUST016149,1
CUST001107,0
CUST014076,0
CUST015990,1
CUST018393,0
CUST006925,0
CUST012356,0
CUST016966,0
CUST011416,0
CUST015105,1
CUST006800,0
CUST016831,0
CUST003291,0
CUST004676,0
CUST005985,0
CUST012593,0
CUST000138,0
CUST006545,0
CUST000655,0
CUST003584,1
CUST018659,1
CUST005641,0
CUST003388,0
CUST013536,0
CUST005439,0
CUST006905,0
CUST017982,0
CUST016895,0
CUST008973,1
CUST014450,0
CUST002711,1
CUST018784,0
CUST003105,0
CUST016733,1
CUST010142,0
CUST017922,0
CUST017308,0
CUST002931,0
CUST017883,0
CUST016204,0
CUST001520,0
CUST017075,0
CUST010798,1
CUST011275,0
CUST019372,0
CUST008920,0
CUST006659,0
CUST010905,0
CUST009592,0
CUST013311,1
CUST010858,0
CUST015833,0
CUST010240,0
CUST014771,0
CUST017423,0
CUST006066,0
CUST011999,0
CUST013438,0
CUST007288,0
CUST011462,1
CUST000628,0
CUST007763,0
CUST011544,0
CUST012556,0
CUST010903,0
CUST005257,0
CUST004699,0
CUST001328,0
CUST018973,0
CUST010766,1
CUST002424,0
CUST000960,0
CUST008199,0
CUST004692,1
CUST010882,1
CUST001512,0
CUST001870,0
CUST003172,0
CUST015920,0
CUST018180,1
CUST010810,0
CUST008160,1
CUST002033,0
CUST000957,0
CUST004304,0
CUST007981,0
CUST001905,0
CUST004491,0
CUST016928,0
CUST002957,0
CUST007840,0
CUST003240,0
CUST004107,0
CUST005730,0
CUST011892,1
CUST017722,0
CUST018522,0
CUST014412,0
CUST018684,1
CUST005942,0
CUST001846,0
CUST018603,0
CUST016562,1
CUST010761,0
CUST005542,0
CUST000279,0
CUST001588,0
CUST012239,0
CUST019088,0
CUST007278,0
CUST009004,0
CUST010356,0
CUST011522,0
CUST007497,0
CUST010802,1
CUST017508,0
CUST018890,0
CUST018413,0
CUST009019,0
CUST012806,0
CUST011604,0
CUST018435,0
CUST014160,0
CUST016791,0
CUST006191,0
CUST009759,0
CUST009748,0
CUST005963,0
CUST003319,0
CUST012796,0
CUST008334,1
CUST000369,0
CUST003114,0
CUST016447,0
CUST002881,1
CUST005863,0
CUST014422,0
CUST000246,0
CUST017500,0
CUST010475,0
CUST006213,0
CUST013181,0
CUST003958,0
CUST015683,0
CUST014973,0
CUST002609,0
CUST010373,1
CUST017178,0
CUST000114,0
CUST009114,0
CUST004055,0
CUST001086,0
CUST009852,0
CUST013516,0
CUST009488,0
CUST009320,0
CUST004773,0
CUST006132,0
CUST005040,0
CUST006607,0
CUST015982,0
CUST002448,0
CUST015807,0
CUST015111,0
CUST004918,0
CUST000040,0
CUST008379,0
CUST012072,0
CUST013075,1
CUST014048,0
CUST016668,0
CUST008254,0
CUST012918,0
CUST011922,0
CUST011248,0
CUST011259,1
CUST012463,0
CUST007962,0
CUST007619,0
CUST012954,0
CUST017735,0
CUST002465,0
CUST004991,0
CUST006033,0
CUST001906,0
CUST003369,0
CUST019914,0
CUST005333,0
CUST014271,0
CUST010024,0
CUST017448,0
CUST019678,0
CUST018371,0
CUST001706,0
CUST004566,0
CUST016023,0
CUST007681,0
CUST013677,0
CUST010871,1
CUST019591,0
CUST019487,0
CUST004853,1
CUST017195,0
CUST009523,0
CUST008479,0
CUST007365,0
CUST005882,0
CUST008445,0
CUST010564,0
CUST015905,0
CUST000074,0
CUST008881,1
CUST005248,0
CUST002411,0
CUST019116,0
CUST015353,0
CUST006085,0
CUST018892,0
CUST014352,0
CUST019503,0
CUST019504,0
CUST008105,0
CUST018985,0
CUST018545,0
CUST003378,0
CUST017821,0
CUST010445,0
CUST001907,1
CUST005889,0
CUST018591,0
CUST015593,0
CUST006297,0
CUST019551,0
CUST015784,0
CUST015788,0
CUST017402,0
CUST013246,0
CUST019298,0
CUST013593,0
CUST008462,0
CUST000848,0
CUST019102,1
CUST011302,0
CUST006068,0
CUST012565,0
CUST004249,0
CUST009181,0
CUST007648,0
CUST013931,0
CUST014236,0
CUST019285,0
CUST002253,0
CUST010311,0
CUST011699,0
CUST009631,0
CUST006565,0
CUST019696,0
CUST014849,0
CUST006138,0
CUST016710,0
CUST012444,0
CUST001719,1
CUST004564,1
CUST014157,0
CUST014956,0
CUST003135,0
CUST016116,0
CUST006283,0
CUST011521,0
CUST018736,0
CUST007460,0
CUST015335,0
CUST008867,0
CUST019779,1
CUST013792,0
CUST015300,0
CUST015870,0
CUST006890,0
CUST011100,0
CUST016467,0
CUST008043,0
CUST001885,1
CUST018342,0
CUST010976,0
CUST011732,0
CUST008200,0
CUST013125,0
CUST012931,0
CUST000781,0
CUST003839,0
CUST002560,0
CUST008912,1
CUST000372,0
CUST015674,0
CUST012230,0
CUST002336,1
CUST013574,0
CUST002293,0
CUST007944,0
CUST009202,1
CUST013208,0
CUST017717,0
CUST003933,0
CUST013348,0
CUST007721,0
CUST003534,0
CUST007119,0
CUST019389,0
CUST016770,0
CUST000292,0
CUST002716,0
CUST017383,1
CUST008626,0
CUST001944,0
CUST008134,0
CUST013317,0
CUST000754,0
CUST003216,0
CUST015874,0
CUST008893,0
CUST000147,0
CUST015481,1
CUST014930,0
CUST005197,0
CUST011594,0
CUST012378,0
CUST006181,0
CUST003626,0
CUST002991,0
CUST005819,0
CUST003420,0
CUST013381,0
CUST006882,0
CUST004926,0
CUST002807,0
CUST011725,0
CUST002730,0
CUST000329,0
CUST000109,0
CUST014300,0
CUST015036,0
CUST006184,0
CUST014395,0
CUST016413,0
CUST005915,0
CUST002738,0
CUST010885,0
CUST018889,0
CUST016521,1
CUST009879,0
CUST013241,0
CUST012110,0
CUST015162,0
CUST014809,0
CUST009198,0
CUST001475,0
CUST005428,0
CUST001406,1
CUST018720,0
CUST002381,0
CUST016640,0
CUST016253,0
CUST015273,0
CUST014859,0
CUST016512,0
CUST012002,0
CUST013048,1
CUST000697,0
CUST011633,0
CUST013224,0
CUST001206,0
CUST000236,0
CUST006097,1
CUST011256,0
CUST004183,0
CUST006312,0
CUST017392,0
CUST001348,0
CUST018152,0
CUST011468,0
CUST015343,0
CUST000543,0
CUST012550,0
CUST013325,0
CUST015419,0
CUST007205,0
CUST005597,0
CUST003737,0
CUST014172,0
CUST017991,0
CUST000072,0
CUST010076,0
CUST004407,1
CUST007228,0
CUST000841,0
CUST011179,0
CUST006987,1
CUST009068,0
CUST004963,0
CUST015621,0
CUST001097,0
CUST002544,1
CUST014796,0
CUST002101,0
CUST003758,0
CUST017211,0
CUST015943,0
CUST016666,0
CUST001282,0
CUST013711,0
CUST001247,0
CUST002752,0
CUST015929,0
CUST014784,0
CUST006710,0
CUST000476,0
CUST007877,0
CUST019026,0
CUST010507,1
CUST013293,0
CUST015122,0
CUST006982,0
CUST001937,0
CUST010341,0
CUST004078,0
CUST016256,0
CUST015418,1
CUST009769,0
CUST012683,0
CUST002628,0
CUST009984,0
CUST003414,0
CUST017686,0
CUST014872,1
CUST008341,0
CUST019578,0
CUST007099,0
CUST002083,0
CUST009265,0
CUST011018,0
CUST016048,0
CUST004694,0
CUST012854,0
CUST014377,0
CUST019443,0
CUST017614,0
CUST012156,0
CUST004633,0
CUST019109,0
CUST001338,0
CUST012368,0
CUST001536,0
CUST009969,0
CUST003106,0
CUST008907,0
CUST010934,0
CUST000462,0
CUST006036,0
CUST011225,0
CUST016201,0
CUST018045,0
CUST011593,0
CUST002220,0
CUST014176,1
CUST018370,0
CUST001214,1
CUST002199,0
CUST008593,0
CUST007919,0
CUST010436,0
CUST009705,1
CUST016042,0
CUST001369,0
CUST012828,0
CUST012482,0
CUST000086,0
CUST004099,0
CUST018021,0
CUST019729,0
CUST012737,0
CUST012367,0
CUST000725,0
CUST003789,1
CUST017345,0
CUST006452,0
CUST004917,0
CUST007040,0
CUST004011,0
CUST002419,0
CUST015556,0
CUST013689,0
CUST006989,0
CUST009450,0
CUST014926,0
CUST012965,1
CUST000314,0
CUST009794,0
CUST010248,0
CUST017254,0
CUST016357,0
CUST007982,0
CUST007690,0
CUST006857,0
CUST012171,0
CUST015365,0
CUST003079,1
CUST017264,0
CUST016539,0
CUST002085,0
CUST012516,0
CUST013173,0
CUST009503,0
CUST009740,0
CUST006136,0
CUST000962,0
CUST002426,0
CUST002168,0
CUST006811,0
CUST019749,0
CUST007532,1
CUST000906,0
CUST013046,1
CUST005861,0
CUST009084,0
CUST011336,0
CUST004878,0
CUST006870,0
CUST001882,0
CUST017621,1
CUST013748,0
CUST007452,0
CUST015192,0
CUST014850,0
CUST007856,0
CUST018267,0
CUST000135,0
CUST010082,0
CUST010844,0
CUST004762,0
CUST008949,0
CUST009185,0
CUST009179,0
CUST004924,0
CUST001388,0
CUST000837,1
CUST008452,0
CUST009787,0
CUST019036,0
CUST015020,0
CUST005602,0
CUST002173,0
CUST015735,0
CUST006140,0
CUST005159,0
CUST006426,0
CUST013467,0
CUST014198,0
CUST004835,0
CUST019485,0
CUST016500,0
CUST017453,1
CUST009935,0
CUST012408,1
CUST001824,0
CUST001175,0
CUST000297,0
CUST017118,0
CUST002757,0
CUST004177,0
CUST012808,0
CUST019296,0
CUST008951,0
CUST008233,1
CUST005299,0
CUST018262,0
CUST019885,0
CUST014119,0
CUST001736,0
CUST012001,0
CUST006271,0
CUST003850,0
CUST002117,0
CUST011658,0
CUST003306,1
CUST012725,0
CUST009928,0
CUST016625,0
CUST002715,0
CUST015980,1
CUST004914,0
CUST005804,0
CUST005598,0
CUST003978,0
CUST018313,0
CUST012314,1
CUST017274,0
CUST009551,0
CUST018330,0
CUST008058,0
CUST011352,0
CUST014718,0
CUST018220,1
CUST010727,0
CUST010403,0
CUST004964,0
CUST017530,0
CUST017445,1
CUST009242,0
CUST019305,0
CUST012724,1
CUST015005,1
CUST011282,0
CUST003222,1
CUST008204,0
CUST005014,0
CUST009719,1
CUST012580,1
CUST005737,0
CUST004936,0
CUST002918,1
CUST007312,0
CUST017911,0
CUST015389,0
CUST013341,0
CUST005075,0
CUST017348,0
CUST007260,0
CUST000029,0
CUST017238,1
CUST016910,0
CUST011467,1
CUST002623,0
CUST001606,0
CUST012595,0
CUST005172,0
CUST005102,0
CUST019135,0
CUST014650,0
CUST008941,1
CUST015393,1
CUST010987,0
CUST016709,0
CUST012916,0
CUST007240,1
CUST000910,1
CUST015094,1
CUST013415,0
CUST002210,0
CUST018979,0
CUST007234,0
CUST007045,0
CUST011665,0
CUST017993,0
CUST005769,0
CUST018533,1
CUST002432,0
CUST017746,0
CUST016178,1
CUST002412,0
CUST007102,0
CUST002714,1
CUST007955,0
CUST008331,0
CUST014791,0
CUST018632,0
CUST018025,0
CUST011176,0
CUST006158,0
CUST005236,0
CUST011177,0
CUST011268,0
CUST002099,0
CUST006662,1
CUST004282,0
CUST010447,0
CUST016807,0
CUST001255,1
CUST007432,0
CUST005051,0
CUST019147,1
CUST006809,0
CUST018482,0
CUST013707,0
CUST006846,0
CUST001595,0
CUST005091,0
CUST015862,0
CUST016218,0
CUST019647,0
CUST015835,0
CUST017227,0
CUST002502,0
CUST006315,0
CUST014696,0
CUST018454,0
CUST018531,0
CUST015752,0
CUST019813,0
CUST011301,0
CUST005387,1
CUST012173,0
CUST016941,0
CUST018944,0
CUST005276,0
CUST002323,0
CUST008641,0
CUST000972,0
CUST009131,0
CUST002650,0
CUST002310,0
CUST011784,0
CUST018795,0
CUST003046,0
CUST006768,0
CUST006901,0
CUST010863,0
CUST010785,0
CUST000115,0
CUST015213,0
CUST018039,0
CUST001334,0
CUST004946,0
CUST011418,0
CUST003358,0
CUST006995,0
CUST002270,0
CUST014092,0
CUST013671,0
CUST008980,0
CUST018427,0
CUST006635,0
CUST002126,0
CUST007154,1
CUST010042,0
CUST010902,0
CUST009345,0
CUST006584,0
CUST019923,0
CUST006328,0
CUST011019,0
CUST002694,0
CUST002740,0
CUST012084,0
CUST007511,0
CUST019549,0
CUST009373,0
CUST003692,0
CUST003068,0
CUST004348,1
CUST012946,1
CUST008125,0
CUST007953,1
CUST014116,0
CUST017747,0
CUST003316,0
CUST006861,0
CUST008499,0
CUST012204,0
CUST001010,0
CUST002664,0
CUST007181,0
CUST012579,0
CUST000444,0
CUST002430,0
CUST000028,0
CUST002027,0
CUST000133,0
CUST017181,0
CUST017591,0
CUST001749,0
CUST001233,1
CUST019886,0
CUST013637,0
CUST005834,0
CUST017422,0
CUST001823,0
CUST017307,0
CUST012998,0
CUST009632,0
CUST003824,0
CUST019007,0
CUST019461,0
CUST000339,0
CUST002634,0
CUST007439,0
CUST015109,0
CUST004180,0
CUST006778,0
CUST010817,0
CUST010781,0
CUST019179,0
CUST013775,0
CUST016015,0
CUST003021,0
CUST013141,0
CUST005166,0
CUST010362,1
CUST007469,0
CUST001252,0
CUST011168,1
CUST017082,0
CUST014806,1
CUST001408,0
CUST002937,0
CUST019076,0
CUST015354,0
CUST013480,0
CUST001917,0
CUST017357,0
CUST017298,0
CUST014197,1
CUST011771,1
CUST015495,1
CUST017839,0
CUST013524,0
CUST015950,1
CUST018751,0
CUST005205,0
CUST018487,0
CUST002295,0
CUST014775,0
CUST002346,0
CUST011564,0
CUST013356,0
CUST011058,0
CUST003139,0
CUST011585,0
CUST009126,0
CUST019612,0
CUST010541,0
CUST019835,1
CUST013541,0
CUST009664,0
CUST013071,0
CUST010020,1
CUST019933,0
CUST015281,0
CUST015860,0
CUST016816,0
CUST015468,0
CUST001700,0
CUST018185,0
CUST016034,0
CUST009849,0
CUST007043,0
CUST017674,0
CUST007653,0
CUST012424,0
CUST007667,0
CUST004311,0
CUST009029,0
CUST008448,0
CUST003848,1
CUST005282,0
CUST006028,0
CUST019637,0
CUST008280,0
CUST009002,0
CUST000248,0
CUST003282,0
CUST004164,0
CUST012597,0
CUST009667,0
CUST000143,0
CUST013158,0
CUST015249,0
CUST017278,0
CUST004531,0
CUST018552,0
CUST000799,0
CUST017429,1
CUST002497,1
CUST016659,1
CUST011055,0
CUST014045,0
CUST003663,0
CUST010795,0
CUST010238,0
CUST006496,0
CUST018571,0
CUST003039,0
CUST009703,0
CUST008825,1
CUST013196,0
CUST007315,1
CUST002525,0
CUST012226,0
CUST012247,0
CUST004088,0
CUST018999,0
CUST011637,0
CUST008279,0
CUST018403,0
CUST002276,0
CUST008892,0
CUST015176,0
CUST007302,0
CUST012746,0
CUST002705,0
CUST016599,0
CUST013231,0
CUST008294,0
CUST006061,0
CUST010521,0
CUST003962,0
CUST006619,0
CUST009658,0
CUST010773,1
CUST013948,0
CUST011059,1
CUST014923,0
CUST017492,0
CUST000880,0
CUST002245,0
CUST010166,0
CUST019947,0
CUST009080,0
CUST007545,0
CUST004426,1
CUST006713,0
CUST010894,0
CUST004571,0
CUST005797,0
CUST005575,0
CUST007756,0
CUST018278,0
CUST015455,0
CUST002125,0
CUST009421,0
CUST003413,0
CUST014977,0
CUST004279,0
CUST002013,0
CUST007550,0
CUST015295,0
CUST002433,0
CUST015307,0
CUST012427,0
CUST009749,1
CUST010896,0
CUST016550,0
CUST005018,0
CUST011660,0
CUST000195,0
CUST012452,0
CUST015783,0
CUST005711,0
CUST003379,0
CUST000061,0
CUST007327,0
CUST018980,0
CUST016993,0
CUST018821,0
CUST001791,0
CUST005004,1
CUST010471,0
CUST015377,0
CUST010193,0
CUST003598,0
CUST008841,0
CUST006579,0
CUST010573,0
CUST000840,0
CUST004575,0
CUST015703,0
CUST005962,0
CUST005379,0
CUST013300,1
CUST000633,0
CUST008715,0
CUST006106,0
CUST005121,0
CUST004054,0
CUST019753,0
CUST003469,0
CUST015967,0
CUST018114,0
CUST006552,0
CUST003519,0
CUST006153,0
CUST008756,1
CUST003399,0
CUST005895,0
CUST011374,0
CUST013441,0
CUST010349,1
CUST013203,1
CUST001709,0
CUST011762,0
CUST005072,1
CUST017078,1
CUST010607,0
CUST005052,0
CUST016144,0
CUST005093,0
CUST012546,0
CUST005352,0
CUST001489,0
CUST010946,0
CUST014548,0
CUST019972,0
CUST018399,0
CUST009271,0
CUST007394,0
CUST016325,0
CUST018791,0
CUST000041,1
CUST008020,0
CUST011591,0
CUST018614,0
CUST009382,0
CUST017234,0
CUST007527,0
CUST001523,0
CUST002367,0
CUST019401,0
CUST019083,0
CUST003578,0
CUST013263,0
CUST007457,0
CUST011641,0
CUST010171,0
CUST012257,0
CUST008535,0
CUST009112,0
CUST017334,0
CUST018550,0
CUST000808,0
CUST009151,0
CUST001336,0
CUST009972,0
CUST015622,0
CUST005467,0
CUST012935,0
CUST014399,0
CUST010493,0
CUST008570,0
CUST002834,0
CUST003620,0
CUST007246,0
CUST002958,0
CUST003680,0
CUST012350,0
CUST016077,0
CUST017647,0
CUST009890,0
CUST017773,0
CUST005761,0
CUST014890,1
CUST001400,1
CUST011175,0
CUST013225,0
CUST013275,0
CUST001639,0
CUST018335,0
CUST012196,0
CUST007484,0
CUST012903,0
CUST017006,1
CUST011621,0
CUST006279,0
CUST011068,0
CUST004819,0
CUST007571,0
CUST009790,0
CUST010178,0
CUST007504,0
CUST003780,0
CUST002275,0
CUST006756,0
CUST013384,0
CUST019738,0
CUST004130,1
CUST017241,0
CUST016546,0
CUST004658,0
CUST017126,0
CUST014229,0
CUST018572,0
CUST011536,0
CUST000423,0
CUST015024,0
CUST009069,0
CUST017622,0
CUST017549,0
CUST013924,0
CUST012730,0
CUST009643,0
CUST019218,1
CUST004512,1
CUST016016,0
CUST013165,0
CUST004536,0
CUST006893,0
CUST019040,0
CUST003071,0
CUST011351,0
CUST003910,0
CUST017693,0
CUST004415,0
CUST004973,0
CUST015563,0
CUST019863,1
CUST011109,0
CUST000397,0
CUST017494,0
CUST005137,1
CUST009600,1
CUST006206,0
CUST004487,0
CUST018768,0
CUST008405,0
CUST008819,0
CUST000629,0
CUST003719,0
CUST004064,1
CUST014203,0
CUST006224,0
CUST002107,0
CUST012666,0
CUST017128,0
CUST019468,1
CUST008249,0
CUST016104,0
CUST015386,0
CUST015560,1
CUST018638,0
CUST003621,0
CUST002187,0
CUST000533,0
CUST000129,0
CUST001697,0
CUST002903,0
CUST010495,0
CUST012523,0
CUST014254,0
CUST015759,0
CUST000572,1
CUST013568,0
CUST011367,0
CUST013928,0
CUST013346,0
CUST009955,0
CUST002463,1
CUST009157,0
CUST016627,0
CUST008810,0
CUST000668,0
CUST014149,0
CUST016507,0
CUST003532,0
CUST000346,0
CUST013521,0
CUST002691,0
CUST014125,0
CUST017958,1
CUST012678,0
CUST012809,0
CUST017681,0
CUST007429,0
CUST016312,1
CUST019511,1
CUST016004,0
CUST006731,1
CUST016570,0
CUST013000,0
CUST018062,0
CUST007257,1
CUST003636,0
CUST003914,0
CUST011864,0
CUST009711,0
CUST013039,0
CUST005132,1
CUST007873,0
CUST016867,0
CUST015969,0
CUST004210,1
CUST001367,0
CUST012307,0
CUST018203,0
CUST006806,0
CUST007371,0
CUST017742,0
CUST005196,0
CUST015594,0
CUST001390,0
CUST017124,0
CUST010385,1
CUST010435,0
CUST018873,0
CUST019380,0
CUST011190,0
CUST018517,0
CUST014006,0
CUST003033,0
CUST004422,0
CUST019244,0
CUST017815,0
CUST004464,0
CUST006054,0
CUST000650,0
CUST018641,0
CUST013129,0
CUST001928,0
CUST003677,0
CUST012116,0
CUST013299,0
CUST019537,0
CUST014594,0
CUST008630,0
CUST000162,0
CUST001210,0
CUST016549,0
CUST007044,0
CUST012276,0
CUST004759,0
CUST016680,1
CUST005720,0
CUST000951,1
CUST009145,0
CUST019552,0
CUST007788,0
CUST005251,0
CUST011264,0
CUST001975,0
CUST002369,1
CUST010806,0
CUST004377,0
CUST013102,0
CUST017548,0
CUST007005,0
CUST007224,0
CUST014235,1
CUST000238,0
CUST017057,0
CUST007868,0
CUST015156,1
CUST008271,0
CUST013816,0
CUST007103,1
CUST010913,0
CUST000460,0
CUST011661,1
CUST004226,0
CUST005414,0
CUST013599,0
CUST017253,0
CUST001812,0
CUST019266,0
CUST003476,0
CUST013274,0
CUST017362,0
CUST004863,0
CUST013376,0
CUST010107,0
CUST009215,0
CUST017439,0
CUST011627,0
CUST004389,1
CUST009977,0
CUST012817,1
CUST003298,0
CUST019229,0
CUST012566,0
CUST013040,0
CUST005389,0
CUST014706,0
CUST008155,0
CUST016542,0
CUST012561,0
CUST018287,0
CUST001516,0
CUST006220,0
CUST010172,0
CUST001237,0
CUST017415,0
CUST002868,0
CUST012164,0
CUST014580,0
CUST015832,0
CUST003996,0
CUST014827,0
CUST003995,0
CUST013594,0
CUST008277,0
CUST013485,0
CUST017560,1
CUST003893,0
CUST000417,1
CUST011136,0
CUST014671,0
CUST004638,0
CUST019631,0
CUST002001,1
CUST003514,0
CUST016630,0
CUST013427,0
CUST002561,0
CUST014353,0
CUST019129,0
CUST017752,1
CUST019673,0
CUST009899,0
CUST016063,1
CUST011008,1
CUST019161,0
CUST009208,0
CUST001292,0
CUST017823,0
CUST010203,0
CUST001837,0
CUST007774,0
CUST007067,0
CUST007059,0
CUST015408,0
CUST011463,0
CUST019149,0
CUST008516,1
CUST010924,0
CUST019814,0
CUST009733,1
CUST013001,0
CUST000928,0
CUST002266,0
CUST018628,1
CUST015808,0
CUST013613,0
CUST016606,0
CUST007050,0
CUST000197,0
CUST015790,0
CUST009875,0
CUST014080,0
CUST015402,0
CUST012131,0
CUST014773,0
CUST013520,0
CUST000586,0
CUST014550,0
CUST010837,0
CUST014174,0
CUST014184,0
CUST012951,0
CUST015728,0
CUST018766,1
CUST019516,0
CUST011138,0
CUST013744,0
CUST013730,1
CUST004935,0
CUST010709,0
CUST017842,0
CUST013076,0
CUST019821,0
CUST000305,0
CUST014148,0
CUST017985,0
CUST003614,0
CUST009906,0
CUST012465,1
CUST011056,0
CUST000318,0
CUST002380,0
CUST007434,0
CUST003707,0
CUST002157,0
CUST011760,0
CUST007221,0
CUST010726,0
CUST009940,0
CUST001417,0
CUST003385,0
CUST005555,0
CUST000508,0
CUST018221,0
CUST017130,0
CUST004801,0
CUST005220,0
CUST000097,1
CUST010177,0
CUST005864,0
CUST017341,0
CUST011936,0
CUST004215,0
CUST010048,0
CUST000956,0
CUST002166,0
CUST001232,0
CUST015865,0
CUST012130,0
CUST009867,1
CUST007862,0
CUST000285,0
CUST014744,0
CUST011844,0
CUST004147,0
CUST016556,0
CUST014023,0
CUST019308,0
CUST014401,0
CUST007166,0
CUST015614,0
CUST019670,0
CUST019278,0
CUST019909,0
CUST001411,0
CUST011807,0
CUST003771,0
CUST016331,0
CUST016343,0
CUST010128,0
CUST006151,0
CUST015731,0
CUST005649,1
CUST017202,1
CUST002344,1
CUST001609,0
CUST002315,0
CUST001778,0
CUST013561,1
CUST002686,0
CUST019780,0
CUST017064,0
CUST017551,0
CUST009800,1
CUST016374,0
CUST017646,0
CUST014935,0
CUST001087,0
CUST005219,0
CUST016909,0
CUST006108,0
CUST009388,0
CUST000020,0
CUST011113,1
CUST015503,0
CUST007016,0
CUST005950,1
CUST017898,0
CUST000402,0
CUST018207,0
CUST000751,0
CUST005906,0
CUST019573,0
CUST019892,0
CUST005845,0
CUST018192,0
CUST004865,0
CUST019767,0
CUST016493,0
CUST000186,0
CUST002698,0
CUST006755,0
CUST012298,0
CUST003625,0
CUST001519,1
CUST001670,0
CUST002954,0
CUST015159,0
CUST019245,0
CUST016057,0
CUST004199,1
CUST009683,0
CUST009228,0
CUST013709,1
CUST010335,1
CUST005275,0
CUST004764,0
CUST001037,0
CUST003279,0
CUST019766,0
CUST018620,0
CUST008954,0
CUST009910,0
CUST002227,0
CUST011051,0
CUST001886,0
CUST010017,0
CUST016209,0
CUST002676,0
CUST007077,1
CUST013733,0
CUST013354,0
CUST002278,0
CUST017731,0
CUST017449,0
CUST013968,0
CUST001539,0
CUST010751,0
CUST003807,0
CUST006516,0
CUST004745,0
CUST013448,0
CUST005216,0
CUST010415,0
CUST015757,0
CUST006495,0
CUST009263,0
CUST001925,0
CUST003005,0
CUST001143,0
CUST010988,0
CUST016942,0
CUST017338,0
CUST014563,0
CUST015632,0
CUST013285,0
CUST012259,0
CUST012585,0
CUST018461,0
CUST017000,0
CUST010760,0
CUST013087,1
CUST011164,0
CUST008833,0
CUST018524,0
CUST008798,0
CUST002940,0
CUST001291,0
CUST001932,0
CUST006644,0
CUST001438,1
CUST007349,1
CUST013229,0
CUST018200,0
CUST006290,0
CUST005475,0
CUST013983,0
CUST017704,0
CUST016227,0
CUST013750,0
CUST004498,1
CUST017350,0
CUST006272,0
CUST006740,0
CUST018065,0
CUST001261,0
CUST003187,0
CUST015821,0
CUST008342,0
CUST004656,0
CUST018158,1
CUST011716,0
CUST018615,0
CUST015329,0
CUST011072,0
CUST017775,0
CUST008670,0
CUST015792,0
CUST014165,0
CUST008123,1
CUST008718,0
CUST001831,0
CUST017587,0
CUST004673,0
CUST014277,1
CUST005812,0
CUST019946,0
CUST016856,0
CUST011216,1
CUST006478,1
CUST003357,0
CUST007730,0
CUST015325,0
CUST004630,1
CUST004227,0
CUST001627,0
CUST019294,0
CUST005735,0
CUST014532,1
CUST004501,0
CUST011120,0
CUST005866,0
CUST010405,0
CUST015223,0
CUST015411,0
CUST010282,0
CUST014740,0
CUST012415,0
CUST015764,0
CUST019312,0
CUST003252,1
CUST016620,0
CUST001035,1
CUST001401,0
CUST018387,0
CUST005189,1
CUST007431,0
CUST010696,0
CUST005253,0
CUST017770,0
CUST011961,0
CUST002124,0
CUST006131,0
CUST017177,0
CUST006171,0
CUST007368,1
CUST001146,0
CUST008202,0
CUST013322,0
CUST018209,1
CUST008853,0
CUST011620,0
CUST011323,0
CUST001364,0
CUST009444,0
CUST015825,0
CUST011213,0
CUST002228,0
CUST000853,1
CUST002619,0
CUST007871,0
CUST007423,0
CUST007668,0
CUST011524,0
CUST008376,1
CUST003890,0
CUST003075,0
CUST010059,0
CUST000920,0
CUST016788,0
CUST016585,0
CUST006692,0
CUST018858,1
CUST005674,1
CUST000985,0
CUST003605,0
CUST009119,0
CUST006913,0
CUST005398,1
CUST013971,0
CUST012023,0
CUST000215,0
CUST004163,0
CUST003840,0
CUST004419,0
CUST002109,0
CUST000839,0
CUST000063,0
CUST008924,1
CUST017196,0
CUST019580,0
CUST012542,0
CUST018367,1
CUST007157,0
CUST007649,0
CUST005297,0
CUST012187,0
CUST010196,0
CUST003669,0
CUST002384,0
CUST017811,0
CUST004001,0
CUST011750,0
CUST018532,0
CUST005729,1
CUST007319,0
CUST007582,0
CUST011369,0
CUST015073,0
CUST015638,0
CUST015849,0
CUST008417,0
CUST002500,0
CUST017517,0
CUST010381,0
CUST005642,0
CUST019850,0
CUST016143,0
CUST015202,0
CUST004483,0
CUST012358,0
CUST003342,0
CUST003230,0
CUST013548,0
CUST009078,0
CUST017900,0
CUST017877,0
CUST010504,0
CUST001918,0
CUST008433,0
CUST011043,0
CUST013242,0
CUST003190,0
CUST003088,0
CUST000887,0
CUST014957,0
CUST003243,0
CUST003203,0
CUST000445,0
CUST018428,0
CUST018515,1
CUST011783,0
CUST019261,1
CUST004386,0
CUST005288,0
CUST000995,0
CUST000174,0
CUST014093,1
CUST000540,0
CUST013583,0
CUST001036,0
CUST007540,0
CUST010876,0
CUST011424,0
CUST018829,0
CUST000682,0
CUST001387,0
CUST019721,0
CUST004558,0
CUST006704,0
CUST012092,0
CUST010396,0
CUST012235,0
CUST003701,0
CUST019660,0
CUST006867,0
CUST016326,0
CUST011570,0
CUST013226,0
CUST012500,0
CUST017465,0
CUST009695,0
CUST013829,0
CUST002855,0
CUST018805,1
CUST003502,1
CUST008611,0
CUST019064,0
CUST000123,0
CUST019676,0
CUST009041,0
CUST016056,1
CUST010105,0
CUST018695,0
CUST008972,0
CUST002128,1
CUST016480,0
CUST018881,0
CUST015121,1
CUST003548,0
CUST006916,0
CUST004779,0
CUST008877,0
CUST014005,0
CUST010638,0
CUST001404,0
CUST001123,0
CUST002884,0
CUST002778,1
CUST018826,1
CUST004325,1
CUST009062,0
CUST015547,0
CUST004969,0
CUST004976,1
CUST017102,0
CUST003689,0
CUST013984,1
CUST006725,0
CUST004300,0
CUST017070,0
CUST016618,1
CUST017184,0
CUST000759,0
CUST019344,0
CUST002264,0
CUST019335,0
CUST006526,0
CUST012741,0
CUST002147,0
CUST005851,1
CUST009409,0
CUST007262,0
CUST011575,0
CUST005647,0
CUST009613,1
CUST011532,0
CUST015158,0
CUST012177,0
CUST009067,0
CUST013580,0
CUST013795,0
CUST012136,1
CUST004523,0
CUST007199,0
CUST007034,0
CUST019338,0
CUST011958,0
CUST001620,0
CUST009063,1
CUST000200,0
CUST001344,0
CUST001263,0
CUST019333,0
CUST000274,0
CUST019120,1
CUST014222,0
CUST019936,0
CUST006130,0
CUST004809,0
CUST014908,0
CUST000256,0
CUST011255,0
CUST005666,0
CUST014905,0
CUST006757,0
CUST010758,0
CUST006223,0
CUST015226,0
CUST014451,0
CUST016110,0
CUST012263,0
CUST005346,0
CUST006167,0
CUST019103,0
CUST004905,0
CUST000258,0
CUST000435,0
CUST008208,0
CUST017833,0
CUST008040,0
CUST012409,0
CUST009776,0
CUST013366,0
CUST000612,0
CUST014719,0
CUST001689,0
CUST014568,0
CUST002722,0
CUST006121,0
CUST017620,0
CUST008012,0
CUST018017,1
CUST004706,0
CUST019003,0
CUST007490,0
CUST004864,0
CUST006371,0
CUST016111,0
CUST018113,0
CUST005316,0
CUST000101,1
CUST006818,0
CUST001326,0
CUST001022,0
CUST009492,0
CUST017441,0
CUST001308,0
CUST013079,0
CUST010281,0
CUST009836,1
CUST003571,0
CUST003812,0
CUST017300,0
CUST016187,0
CUST008769,0
CUST008760,0
CUST014668,0
CUST012237,0
CUST014469,0
CUST009337,0
CUST003802,0
CUST016537,0
CUST002602,1
CUST018311,0
CUST003001,0
CUST008590,0
CUST019258,0
CUST011557,1
CUST002290,0
CUST003133,0
CUST014365,0
CUST016272,0
CUST011692,0
CUST011406,0
CUST008902,0
CUST008808,0
CUST006204,0
CUST002350,0
CUST010380,1
CUST016973,1
CUST015974,0
CUST002008,0
CUST004665,0
CUST004783,0
CUST013339,0
CUST017199,0
CUST006302,0
CUST016049,1
CUST013871,0
CUST015341,1
CUST004939,0
CUST019942,0
CUST005203,0
CUST014361,1
CUST008827,0
CUST016037,0
CUST009026,0
CUST015349,0
CUST000569,1
CUST015057,0
CUST015539,0
CUST012455,0
CUST008310,0
CUST008482,0
CUST005938,0
CUST004230,0
CUST001264,0
CUST011645,1
CUST001471,0
CUST006239,0
CUST017766,0
CUST004623,1
CUST010685,0
CUST017977,0
CUST014416,0
CUST012303,0
CUST005823,0
CUST007663,0
CUST007376,0
CUST018069,1
CUST003715,1
CUST007066,0
CUST005028,0
CUST007089,0
CUST007096,0
CUST004023,0
CUST018680,0
CUST014324,0
CUST003913,0
CUST017426,0
CUST011702,0
CUST019358,0
CUST001502,0
CUST014225,0
CUST010304,0
CUST015966,0
CUST008572,0
CUST015417,0
CUST008296,0
CUST015800,0
CUST003094,0
CUST006379,0
CUST003477,0
CUST018687,0
CUST002539,0
CUST009011,0
CUST008063,1
CUST009007,0
CUST017156,1
CUST016462,0
CUST005865,0
CUST013771,1
CUST011455,0
CUST002146,0
CUST010319,0
CUST009384,0
CUST007739,0
CUST017327,0
CUST015132,0
CUST004171,0
CUST014837,0
CUST014767,0
CUST002538,0
CUST006258,0
CUST008725,0
CUST012642,0
CUST009237,0
CUST013893,0
CUST007362,0
CUST011219,0
CUST002354,0
CUST011684,1
CUST011046,0
CUST003328,0
CUST011105,0
CUST001108,0
CUST009424,0
CUST009891,1
CUST014651,0
CUST003199,0
CUST017261,0
CUST015328,0
CUST005360,0
CUST011024,0
CUST019369,0
CUST018556,0
CUST001240,0
CUST011939,0
CUST015168,0
CUST012094,0
CUST007782,1
CUST000189,1
CUST013268,0
CUST002761,0
CUST001025,0
CUST018084,0
CUST007176,0
CUST002012,0
CUST018485,0
CUST015567,0
CUST019309,0
CUST016654,0
CUST017219,0
CUST019603,0
CUST013547,0
CUST004701,0
CUST001042,0
CUST011095,0
CUST010309,0
CUST015117,0
CUST011035,0
CUST003927,0
CUST012017,1
CUST011737,0
CUST017420,0
CUST019517,0
CUST001048,0
CUST008988,0
CUST005838,1
CUST012647,0
CUST011568,0
CUST002791,0
CUST000241,0
CUST007025,0
CUST019920,0
CUST002097,1
CUST004787,0
CUST004904,0
CUST017496,0
CUST005646,0
CUST018414,0
CUST005995,0
CUST016113,0
CUST010187,0
CUST008524,0
CUST016419,0
CUST019158,0
CUST011986,0
CUST011157,0
CUST004907,0
CUST018856,0
CUST007628,0
CUST013641,0
CUST012454,1
CUST009511,0
CUST005770,0
CUST001692,0
CUST007049,0
CUST015340,0
CUST016319,0
CUST012265,0
CUST004763,0
CUST009282,1
CUST001764,0
CUST013862,0
CUST009870,0
CUST015962,0
CUST006648,0
CUST007200,0
CUST012309,0
CUST009545,0
CUST011975,0
CUST015060,0
CUST013776,0
CUST000127,0
CUST001528,0
CUST012190,0
CUST007169,0
CUST006465,0
CUST009663,0
CUST013559,1
CUST015726,0
CUST004746,0
CUST002912,1
CUST004251,0
CUST006489,0
CUST005438,0
CUST000119,0
CUST018698,0
CUST003681,0
CUST000832,1
CUST002521,1
CUST017995,0
CUST010288,0
CUST000387,0
CUST008820,0
CUST004631,0
CUST015824,0
CUST005754,0
CUST019812,0
CUST012864,0
CUST015296,0
CUST014555,0
CUST002948,0
CUST018677,0
CUST013243,0
CUST002848,1
CUST007353,0
CUST016035,0
CUST000054,0
CUST017689,0
CUST003756,0
CUST014600,0
CUST000666,0
CUST019055,0
CUST016703,0
CUST005839,0
CUST015545,0
CUST010174,0
CUST004007,1
CUST002108,0
CUST005824,0
CUST016102,0
CUST004461,0
CUST005746,0
CUST019523,0
CUST008359,0
CUST013560,0
CUST018831,0
CUST005495,0
CUST014464,0
CUST004211,0
CUST018261,0
CUST000313,1
CUST011477,0
CUST019628,0
CUST008100,0
CUST003735,1
CUST014867,0
CUST013307,0
CUST012039,0
CUST012185,0
CUST014929,0
CUST016363,0
CUST016382,0
CUST019056,1
CUST010345,0
CUST007449,0
CUST002177,0
CUST013025,0
CUST011882,0
CUST016237,0
CUST003460,0
CUST013324,0
CUST013119,0
CUST017590,1
CUST006472,0
CUST008274,0
CUST013477,0
CUST012577,0
CUST003901,1
CUST002532,1
CUST009501,0
CUST019493,0
CUST019768,0
CUST009808,0
CUST005936,0
CUST019600,0
CUST001075,0
CUST004341,0
CUST007125,0
CUST005103,0
CUST001330,0
CUST016759,0
CUST014917,0
CUST010122,0
CUST009121,0
CUST010843,0
CUST000635,0
CUST001759,0
CUST008985,0
CUST013907,0
CUST001002,0
CUST012429,0
CUST003406,0
CUST011624,0
CUST010375,0
CUST003747,1
CUST003098,0
CUST012760,0
CUST014574,1
CUST018940,0
CUST008478,0
CUST015951,0
CUST005444,0
CUST012695,0
CUST011736,0
CUST012141,0
CUST015234,0
CUST012731,0
CUST007172,0
CUST003115,0
CUST012587,0
CUST001275,0
CUST008707,0
CUST001730,0
CUST002646,1
CUST010618,0
CUST001661,0
CUST001320,0
CUST010961,0
CUST010655,0
CUST009212,0
CUST014798,0
CUST006432,0
CUST009200,0
CUST017411,0
CUST011785,0
CUST012138,1
CUST010712,0
CUST013791,0
CUST014280,1
CUST005059,0
CUST007580,0
CUST002684,0
CUST013091,0
CUST017547,0
CUST003837,0
CUST000271,0
CUST004744,0
CUST009423,0
CUST015236,0
CUST008492,1
CUST018340,1
CUST011677,0
CUST011613,0
CUST012273,0
CUST000364,0
CUST009987,0
CUST008252,0
CUST010468,0
CUST011778,0
CUST000252,0
CUST000058,0
CUST010656,0
CUST006513,0
CUST018242,0
CUST001821,0
CUST001014,0
CUST008356,0
CUST017736,0
CUST013874,0
CUST005423,0
CUST016810,1
CUST010016,0
CUST017266,0
CUST007817,0
CUST011792,0
CUST002669,0
CUST011810,1
CUST003425,0
CUST005518,0
CUST016310,0
CUST002072,1
CUST017648,1
CUST009149,0
CUST007474,0
CUST008191,0
CUST002212,0
CUST016084,0
CUST015847,1
CUST018134,0
CUST005143,1
CUST001959,0
CUST018264,1
CUST004614,0
CUST002604,0
CUST005923,0
CUST011205,1
CUST001311,0
CUST006573,0
CUST000834,0
CUST018488,0
CUST011348,1
CUST015554,0
CUST016302,0
CUST004591,0
CUST018071,0
CUST015472,0
CUST004335,0
CUST017237,0
CUST006444,0
CUST007120,0
CUST018735,0
CUST016792,0
CUST019951,1
CUST012338,0
CUST009508,0
CUST017444,0
CUST004071,0
CUST010815,0
CUST004316,0
CUST003492,0
CUST000631,1
CUST018409,0
CUST003898,0
CUST011357,0
CUST015627,0
CUST011669,0
CUST005992,0
CUST004472,0
CUST005978,0
CUST006744,0
CUST008952,0
CUST011550,1
CUST016948,0
CUST000606,0
CUST017380,1
CUST000849,0
CUST011181,0
CUST018984,0
CUST012215,0
CUST011602,0
CUST011720,0
CUST016573,0
CUST001577,0
CUST007709,0
CUST013074,0
CUST017328,0
CUST008956,1
CUST005953,0
CUST000620,0
CUST003671,0
CUST011487,0
CUST018169,0
CUST018793,0
CUST015947,0
CUST015746,0
CUST001668,0
CUST002639,0
CUST010687,0
CUST006643,0
CUST014078,0
CUST009659,0
CUST019239,0
CUST006972,1
CUST011444,0
CUST015023,0
CUST016355,0
CUST009634,0
CUST004598,0
CUST016964,0
CUST000475,0
CUST018844,1
CUST002877,0
CUST006994,0
CUST019256,0
CUST001607,1
CUST004076,0
CUST015562,0
CUST008242,0
CUST002992,0
CUST011529,0
CUST004953,0
CUST010941,0
CUST004062,0
CUST008623,0
CUST018306,0
CUST011408,0
CUST016743,0
CUST015140,0
CUST016984,0
CUST000139,0
CUST001488,0
CUST003957,0
CUST017385,1
CUST005576,0
CUST008415,0
CUST001451,0
CUST000468,0
CUST017729,0
CUST006822,0
CUST013255,0
CUST008759,1
CUST003997,0
CUST007719,0
CUST008488,0
CUST004687,0
CUST007779,0
CUST004817,0
CUST001439,0
CUST018588,0
CUST013298,0
CUST011117,0
CUST018967,0
CUST003184,0
CUST015652,0
CUST001259,1
CUST007531,0
CUST002272,0
CUST006437,0
CUST000480,0
CUST003305,0
CUST013336,0
CUST016860,0
CUST015715,1
CUST001082,0
CUST004087,0
CUST000108,0
CUST007850,1
CUST005176,0
CUST004838,0
CUST017915,0
CUST016529,0
CUST006192,1
CUST009950,0
CUST018567,0
CUST017305,0
CUST018443,0
CUST008099,1
CUST014934,0
CUST013810,0
CUST004197,0
CUST002681,0
CUST003262,1
CUST001166,0
CUST013849,0
CUST019214,1
CUST000199,0
CUST009278,0
CUST016773,0
CUST012339,0
CUST003727,0
CUST016279,0
CUST003831,0
CUST011373,0
CUST001120,0
CUST006883,0
CUST015615,0
CUST000144,0
CUST001301,0
CUST014340,0
CUST009272,0
CUST019860,0
CUST008942,1
CUST004544,0
CUST014214,0
CUST016731,0
CUST019530,0
CUST018547,0
CUST010110,0
CUST009673,0
CUST008921,0
CUST009805,0
CUST014279,0
CUST012260,0
CUST008057,0
CUST016822,0
CUST014750,1
CUST003582,0
CUST007083,0
CUST013663,0
CUST014763,1
CUST015054,0
CUST006640,1
CUST002466,0
CUST011561,1
CUST007563,1
CUST001741,0
CUST000851,0
CUST004639,0
CUST013785,0
CUST018605,0
CUST018214,0
CUST012644,0
CUST012451,0
CUST014870,0
CUST001766,0
CUST012383,0
CUST018915,0
CUST005919,0
CUST007858,0
CUST019342,0
CUST001150,1
CUST001456,1
CUST002405,0
CUST008714,0
CUST006317,1
CUST002393,0
CUST005614,0
CUST004333,0
CUST007785,0
CUST002337,0
CUST006715,0
CUST005273,0
CUST001441,0
CUST014067,0
CUST003599,0
CUST002786,0
CUST013815,0
CUST006996,0
CUST005556,0
CUST017036,1
CUST008402,1
CUST005217,0
CUST009944,0
CUST005171,0
CUST009763,0
CUST019280,0
CUST012312,1
CUST015425,0
CUST009040,0
CUST008224,0
CUST007578,0
CUST003016,0
CUST000370,0
CUST000931,0
CUST003030,0
CUST004060,0
CUST014994,1
CUST000190,1
CUST007389,0
CUST016223,0
CUST013957,0
CUST006967,0
CUST005058,0
CUST012449,0
CUST000532,0
CUST011673,0
CUST006236,0
CUST011782,0
CUST014329,0
CUST004470,0
CUST011932,0
CUST005999,0
CUST005719,0
CUST012800,0
CUST002459,0
CUST016146,0
CUST002321,0
CUST018731,0
CUST011617,0
CUST000328,0
CUST011492,0
CUST007333,0
CUST018385,0
CUST019206,0
CUST014040,0
CUST019068,0
CUST001045,0
CUST016027,0
CUST001971,1
CUST019134,0
CUST018692,0
CUST000164,0
CUST012086,0
CUST000159,0
CUST013446,0
CUST018294,0
CUST007279,0
CUST009829,0
CUST017490,1
CUST019874,0
CUST019236,0
CUST007611,1
CUST019408,0
CUST004910,0
CUST008859,0
CUST001675,0
CUST012279,0
CUST003348,0
CUST009307,0
CUST014302,0
CUST014582,0
CUST017893,0
CUST010569,0
CUST014907,0
CUST002795,0
CUST005239,0
CUST003170,1
CUST012115,0
CUST004217,0
CUST008485,0
CUST008868,0
CUST011668,0
CUST014629,1
CUST014291,0
CUST000762,0
CUST004506,0
CUST006042,0
CUST011028,0
CUST008299,1
CUST011592,0
CUST000296,0
CUST016406,1
CUST000440,0
CUST018130,0
CUST016055,0
CUST012532,0
CUST011954,0
CUST004468,0
CUST014379,0
CUST019316,0
CUST004497,0
CUST018080,0
CUST018903,0
CUST019104,0
CUST010763,0
CUST014967,0
CUST008142,1
CUST018235,0
CUST005551,0
CUST009326,0
CUST008948,0
CUST014610,0
CUST009140,0
CUST000701,0
CUST015819,0
CUST006003,1
CUST012663,0
CUST006798,0
CUST007132,0
CUST014330,1
CUST003487,0
CUST008620,0
CUST000715,0
CUST005225,0
CUST001549,0
CUST001461,0
CUST013337,0
CUST004069,0
CUST006385,0
CUST005034,0
CUST007386,0
CUST000934,0
CUST017008,0
CUST008037,0
CUST017523,0
CUST013866,0
CUST006373,0
CUST008543,0
CUST019077,0
CUST011675,0
CUST019565,0
CUST002886,0
CUST005255,1
CUST013469,0
CUST009096,0
CUST018379,0
CUST010245,1
CUST001852,1
CUST000166,0
CUST008151,1
CUST009580,1
CUST006937,0
CUST001351,0
CUST001585,0
CUST012395,0
CUST006912,0
CUST009195,0
CUST013885,0
CUST011167,0
CUST010070,0
CUST013845,0
CUST007943,0
CUST002687,0
CUST011281,0
CUST009183,0
CUST002385,0
CUST016066,0
CUST005154,0
CUST014289,0
CUST004804,0
CUST016575,0
CUST014656,0
CUST014891,0
CUST017945,0
CUST014162,0
CUST001164,0
CUST014341,0
CUST002259,0
CUST002622,0
CUST003351,0
CUST012428,0
CUST018437,1
CUST007697,0
CUST017043,1
CUST000989,0
CUST017855,0
CUST007071,0
CUST001835,0
CUST015394,0
CUST005319,0
CUST007440,0
CUST002082,0
CUST009554,0
CUST019685,0
CUST001374,0
CUST003022,0
CUST001712,1
CUST010543,0
CUST016774,0
CUST017041,0
CUST011317,0
CUST001997,1
CUST017683,0
CUST011876,0
CUST012090,0
CUST005090,0
CUST015383,0
CUST017778,0
CUST008301,0
CUST011511,0
CUST006369,0
CUST014321,0
CUST008529,0
CUST006398,1
CUST003732,0
CUST005870,0
CUST010008,0
CUST015482,0
CUST000134,0
CUST019105,0
CUST008754,0
CUST017344,0
CUST019542,1
CUST012841,0
CUST018183,0
CUST009014,0
CUST013598,0
CUST012013,0
CUST010939,0
CUST009901,0
CUST001194,0
CUST004527,0
CUST004146,0
CUST012524,0
CUST001076,0
CUST002427,0
CUST019770,0
CUST004830,0
CUST016825,0
CUST017578,0
CUST019348,0
CUST017867,0
CUST017014,0
CUST013772,0
CUST010502,0
CUST017269,0
CUST014778,1
CUST009362,0
CUST018527,1
CUST008903,1
CUST010708,0
CUST000827,1
CUST018164,0
CUST012610,0
CUST002148,0
CUST014192,0
CUST012021,0
CUST002477,0
CUST000490,0
CUST002075,0
CUST017663,0
CUST008505,0
CUST011679,0
CUST007557,0
CUST017056,0
CUST017466,0
CUST010588,0
CUST010189,0
CUST004080,1
CUST015976,0
CUST003169,1
CUST017511,0
CUST011360,0
CUST014320,0
CUST006622,0
CUST013685,0
CUST008788,0
CUST003426,0
CUST009804,0
CUST018436,0
CUST007641,1
CUST006451,0
CUST010926,0
CUST011335,0
CUST000782,0
CUST018024,0
CUST007326,1
CUST005315,0
CUST007163,0
CUST006381,0
CUST002907,0
CUST008466,1
CUST002870,0
CUST005289,0
CUST014688,0
CUST007298,0
CUST015653,0
CUST014641,0
CUST015034,0
CUST004767,0
CUST011163,0
CUST017800,0
CUST015229,0
CUST002888,0
CUST017072,0
CUST008531,0
CUST013933,0
CUST018358,0
CUST016306,0
CUST018664,0
CUST017919,0
CUST016975,0
CUST008071,0
CUST011995,0
CUST001814,0
CUST012617,0
CUST014844,0
CUST009881,1
CUST002893,0
CUST013197,0
CUST009750,0
CUST003064,0
CUST004123,1
CUST017029,0
CUST013905,0
CUST003438,0
CUST008618,1
CUST007187,0
CUST005706,0
CUST000997,0
CUST002139,0
CUST018079,0
CUST006726,0
CUST003853,0
CUST019711,0
CUST015488,0
CUST003428,0
CUST003790,0
CUST019817,0
CUST011776,0
CUST017046,0
CUST010274,0
CUST010159,0
CUST001876,0
CUST006395,0
CUST007047,0
CUST005480,1
CUST019717,0
CUST006231,1
CUST017906,0
CUST011422,1
CUST007958,0
CUST014474,0
CUST004560,0
CUST006188,0
CUST005793,0
CUST012198,0
CUST018388,0
CUST009691,0
CUST016299,0
CUST008761,0
CUST017294,1
CUST019709,0
CUST011376,1
CUST015963,0
CUST013987,0
CUST016118,0
CUST015661,1
CUST016193,1
CUST007493,0
CUST015178,0
CUST015635,0
CUST004155,0
CUST005709,0
CUST014862,0
CUST001873,0
CUST013827,1
CUST007751,0
CUST010410,0
CUST012331,0
CUST008221,0
CUST013409,0
CUST019396,1
CUST010229,0
CUST004149,0
CUST001379,0
CUST017779,0
CUST015872,0
CUST011368,0
CUST013218,0
CUST019851,1
CUST002418,0
CUST004846,0
CUST005271,0
CUST019497,0
CUST003498,0
CUST002570,0
CUST015150,0
CUST002710,1
CUST018830,0
CUST014208,0
CUST018177,0
CUST003174,0
CUST003544,0
CUST014307,1
CUST014953,0
CUST019332,0
CUST013188,0
CUST019491,0
CUST005871,0
CUST012992,0
CUST005402,0
CUST013770,0
CUST000766,0
CUST015490,0
CUST010246,0
CUST005943,0
CUST005306,0
CUST010626,0
CUST002095,0
CUST014515,1
CUST017712,0
CUST004209,0
CUST004082,1
CUST000664,1
CUST008132,0
CUST008454,0
CUST012043,0
CUST015243,0
CUST004184,1
CUST005648,0
CUST013557,0
CUST008549,1
CUST012295,0
CUST017437,0
CUST017814,0
CUST013099,0
CUST009840,0
CUST004892,1
CUST006863,1
CUST019209,0
CUST017483,0
CUST012788,0
CUST006456,1
CUST006595,0
CUST011183,0
CUST014207,1
CUST002733,0
CUST002096,0
CUST005594,0
CUST011611,0
CUST017569,0
CUST000474,0
CUST003245,0
CUST005778,0
CUST010937,0
CUST010211,0
CUST013445,0
CUST008175,0
CUST001574,0
CUST011052,0
CUST017417,0
CUST001776,1
CUST002093,0
CUST003984,0
CUST003608,0
CUST015194,0
CUST004525,0
CUST006157,1
CUST010000,1
CUST013457,0
CUST015087,0
CUST011701,0
CUST000515,1
CUST016283,0
CUST015994,0
CUST019039,0
CUST003861,0
CUST019722,0
CUST016858,0
CUST012217,0
CUST001783,0
CUST011063,0
CUST008382,0
CUST008508,0
CUST014112,0
CUST001702,0
CUST011581,1
CUST018270,0
CUST017053,1
CUST010901,0
CUST003261,0
CUST007052,0
CUST018780,0
CUST006360,1
CUST002667,0
CUST010804,0
CUST011751,0
CUST019417,0
CUST007161,0
CUST007881,1
CUST013995,0
CUST010580,0
CUST007624,0
CUST008652,0
CUST018155,0
CUST001986,0
CUST010977,0
CUST014044,0
CUST011938,0
CUST008021,1
CUST001026,0
CUST006879,0
CUST002326,0
CUST017435,0
CUST003724,0
CUST001772,0
CUST003232,0
CUST013084,0
CUST018245,0
CUST005856,0
CUST001653,0
CUST015852,0
CUST010200,0
CUST010601,0
CUST009147,0
CUST012804,0
CUST016334,0
CUST001103,0
CUST000896,0
CUST009646,0
CUST003852,0
CUST001991,0
CUST011045,0
CUST016495,0
CUST006142,0
CUST014947,0
CUST012109,0
CUST006554,1
CUST017812,0
CUST019224,0
CUST017455,0
CUST009358,0
CUST000466,0
CUST001679,0
CUST001297,0
CUST004368,0
CUST005904,0
CUST002626,0
CUST014726,0
CUST001656,0
CUST004481,0
CUST001130,0
CUST010585,0
CUST017691,0
CUST018076,0
CUST016373,0
CUST005548,0
CUST018446,0
CUST000416,0
CUST004960,0
CUST000788,0
CUST002594,0
CUST002658,0
CUST001402,0
CUST009547,0
CUST006575,1
CUST014431,0
CUST016324,0
CUST008201,0
CUST014961,0
CUST008129,1
CUST017225,0
CUST016826,0
CUST002066,0
CUST018583,0
CUST000439,0
CUST002469,0
CUST011811,0
CUST002189,0
CUST010241,0
CUST008181,0
CUST012732,0
CUST012901,0
CUST010123,0
CUST003497,0
CUST013525,0
CUST001773,0
CUST007116,0
CUST003417,0
CUST004421,0
CUST007030,0
CUST006777,0
CUST011749,0
CUST009924,0
CUST002104,0
CUST015431,0
CUST008404,0
CUST010139,1
CUST002018,0
CUST014901,0
CUST002996,1
CUST003182,0
CUST000683,0
CUST011880,0
CUST004379,1
CUST005155,0
CUST006358,1
CUST018878,1
CUST000865,0
CUST005696,0
CUST015543,0
CUST003718,0
CUST008373,0
CUST016885,0
CUST009640,0
CUST006900,0
CUST016160,0
CUST014927,0
CUST016134,0
CUST013437,0
CUST017863,0
CUST019978,0
CUST006813,0
CUST014136,0
CUST001977,0
CUST010918,0
CUST011228,0
CUST001470,0
CUST014477,1
CUST011927,0
CUST005593,0
CUST012862,0
CUST018001,1
CUST010599,0
CUST001671,0
CUST003028,0
CUST018143,0
CUST006783,0
CUST006352,0
CUST014488,0
CUST017025,0
CUST002439,0
CUST013475,0
CUST010725,0
CUST016783,0
CUST017923,1
CUST002726,1
CUST018365,1
CUST004800,0
CUST002284,0
CUST017438,0
CUST006532,0
CUST017413,0
CUST001608,0
CUST018110,1
CUST003029,0
CUST008440,0
CUST000869,0
CUST002656,0
CUST009656,0
CUST009324,0
CUST013357,0
CUST014816,0
CUST014390,0
CUST013611,0
CUST008935,0
CUST008927,0
CUST000723,0
CUST008408,1
CUST016414,0
CUST018872,0
CUST005939,0
CUST003526,0
CUST011525,1
CUST019606,0
CUST015866,1
CUST014979,0
CUST011926,0
CUST019999,0
CUST004884,0
CUST004345,0
CUST010111,0
CUST010603,0
CUST001098,0
CUST018337,1
CUST009440,0
CUST004628,0
CUST007410,0
CUST005433,0
CUST017023,1
CUST015684,1
CUST011940,0
CUST013292,0
CUST016036,0
CUST001755,0
CUST008474,1
CUST019138,0
CUST000216,0
CUST018226,0
CUST014776,0
CUST017071,1
CUST011433,0
CUST010866,0
CUST012972,0
CUST017049,0
CUST004160,0
CUST019650,0
CUST015789,0
CUST005665,0
CUST007936,0
CUST002209,0
CUST005830,0
CUST011670,0
CUST003486,0
CUST012315,0
CUST017288,1
CUST018542,0
CUST019373,0
CUST013649,0
CUST009725,0
CUST010318,0
CUST009546,0
CUST006761,0
CUST009077,0
CUST004367,0
CUST008776,0
CUST003377,1
CUST018091,0
CUST005881,0
CUST009230,0
CUST007898,0
CUST006126,0
CUST004339,0
CUST005855,0
CUST009854,0
CUST015242,0
CUST011257,1
CUST019400,0
CUST016096,0
CUST002725,0
CUST012251,0
CUST008344,0
CUST004684,0
CUST006270,0
CUST004032,0
CUST000873,0
CUST012447,0
CUST016841,0
CUST009587,1
CUST008260,0
CUST017553,0
CUST015999,0
CUST007618,0
CUST004305,0
CUST017499,0
CUST006557,0
CUST004322,0
CUST008124,0
CUST007880,0
CUST000923,0
CUST010384,0
CUST004274,0
CUST000551,1
CUST002519,1
CUST007725,0
CUST008051,0
CUST000881,0
CUST010872,0
CUST005913,1
CUST017670,0
CUST001751,0
CUST014491,1
CUST015637,0
CUST000498,0
CUST005984,0
CUST005111,0
CUST008383,0
CUST014516,0
CUST018498,0
CUST018293,0
CUST009915,0
CUST019765,0
CUST014834,1
CUST006613,0
CUST014310,0
CUST009107,1
CUST019510,0
CUST018104,0
CUST000966,0
CUST009336,0
CUST009557,0
CUST000106,0
CUST005087,0
CUST018688,0
CUST008512,0
CUST001145,0
CUST011911,0
CUST011132,0
CUST001201,0
CUST006470,0
CUST012747,1
CUST006701,0
CUST006065,0
CUST017208,0
CUST002851,0
CUST001587,0
CUST000430,0
CUST011358,0
CUST016161,0
CUST018499,0
CUST003713,0
CUST007854,0
CUST012153,0
CUST006590,0
CUST009712,0
CUST003937,0
CUST004678,0
CUST009154,0
CUST006958,1
CUST012343,0
CUST003113,1
CUST002741,1
CUST015362,0
CUST004556,0
CUST016815,0
CUST015183,1
CUST012386,0
CUST006518,0
CUST011310,0
CUST012363,0
CUST008801,0
CUST016802,0
CUST008735,0
CUST001912,0
CUST006335,0
CUST011442,0
CUST016812,0
CUST018395,0
CUST004371,0
CUST007605,0
CUST005921,0
CUST019758,0
CUST014123,0
CUST008691,0
CUST005182,0
CUST007617,0
CUST011005,0
CUST018627,0
CUST014154,0
CUST019022,0
CUST007426,0
CUST011968,0
CUST015578,0
CUST011198,0
CUST009900,0
CUST010242,0
CUST009873,0
CUST000563,1
CUST018841,0
CUST018026,0
CUST012290,0
CUST018511,0
CUST006753,0
CUST016038,0
CUST010173,0
CUST019202,0
CUST001346,0
CUST016087,0
CUST014489,0
CUST009629,0
CUST011832,0
CUST011226,0
CUST016580,0
CUST003124,1
CUST002961,0
CUST010454,0
CUST014111,0
CUST009162,0
CUST016954,0
CUST002860,0
CUST004945,0
CUST002249,0
CUST018789,0
CUST004314,0
CUST012297,0
CUST004891,0
CUST000847,0
CUST015768,0
CUST017589,0
CUST005118,0
CUST013782,0
CUST011034,0
CUST003902,0
CUST007658,0
CUST017525,1
CUST005910,1
CUST015026,0
CUST003480,0
CUST001781,0
CUST002950,0
CUST008162,0
CUST006284,0
CUST009308,0
CUST004868,0
CUST017080,0
CUST005815,0
CUST016884,0
CUST016893,0
CUST003637,0
CUST005550,0
CUST002889,0
CUST004337,0
CUST001593,0
CUST016311,0
CUST006636,0
CUST011077,0
CUST009088,0
CUST007345,0
CUST005899,0
CUST019531,1
CUST004565,0
CUST005631,0
CUST000687,0
CUST003623,0
CUST014680,0
CUST015145,0
CUST006353,0
CUST002304,1
CUST012300,0
CUST013266,0
CUST013269,0
CUST017370,0
CUST010575,0
CUST008172,1
CUST017414,0
CUST004979,0
CUST005261,1
CUST004768,0
CUST003313,0
CUST010869,0
CUST012052,0
CUST008302,1
CUST006556,0
CUST016882,0
CUST015053,0
CUST000944,0
CUST008643,0
CUST013270,0
CUST017754,0
CUST002550,0
CUST005001,0
CUST001176,0
CUST006889,0
CUST019270,0
CUST000582,0
CUST006581,0
CUST013857,0
CUST006559,0
CUST011996,0
CUST010718,0
CUST003629,0
CUST010395,0
CUST000731,0
CUST015897,0
CUST004705,0
CUST006979,0
CUST017106,0
CUST002864,0
CUST001179,0
CUST006199,0
CUST003857,0
CUST002447,0
CUST010263,0
CUST009182,0
CUST013898,0
CUST013669,0
CUST007669,0
CUST016060,0
CUST017371,0
CUST016137,0
CUST013645,0
CUST012740,0
CUST012186,0
CUST000918,0
CUST001349,0
CUST009765,0
CUST004151,0
CUST002006,0
CUST015015,0
CUST005997,0
CUST014383,0
CUST017555,0
CUST019961,0
CUST001806,0
CUST012487,0
CUST002106,0
CUST014087,0
CUST015475,0
CUST006902,0
CUST008564,0
CUST018528,0
CUST019458,0
CUST016702,0
CUST000245,0
CUST006886,0
CUST001436,0
CUST003529,0
CUST005016,0
CUST007229,0
CUST017668,0
CUST007622,1
CUST019291,0
CUST004008,0
CUST006118,0
CUST004547,0
CUST015794,0
CUST005144,0
CUST009991,0
CUST009323,0
CUST009133,0
CUST017138,0
CUST013406,0
CUST010814,0
CUST007024,0
CUST011912,0
CUST007364,0
CUST015127,0
CUST016231,0
CUST017881,1
CUST019271,1
CUST000797,0
CUST002805,0
CUST013812,0
CUST005952,0
CUST000947,0
CUST013993,1
CUST003926,0
CUST006490,0
CUST008812,0
CUST008450,0
CUST016433,1
CUST003633,0
CUST002314,0
CUST003274,1
CUST015290,0
CUST013207,0
CUST005879,0
CUST007912,1
CUST014147,0
CUST000542,1
CUST019680,0
CUST002930,0
CUST009283,0
CUST016723,0
CUST006390,1
CUST004395,0
CUST016210,0
CUST012846,0
CUST006128,0
CUST011040,1
CUST018700,0
CUST004046,0
CUST002819,0
CUST000776,0
CUST003615,0
CUST004668,0
CUST019288,0
CUST015822,1
CUST005726,0
CUST018212,0
CUST014382,0
CUST016908,0
CUST016003,0
CUST012446,0
CUST015405,0
CUST016915,0
CUST010486,0
CUST000453,0
CUST018947,0
CUST001865,0
CUST013786,0
CUST015259,0
CUST002568,0
CUST015582,0
CUST008636,0
CUST016722,0
CUST005241,0
CUST007634,0
CUST006770,1
CUST006099,0
CUST011686,0
CUST012621,0
CUST000899,0
CUST008206,1
CUST012030,0
CUST019668,0
CUST000096,0
CUST003889,0
CUST000870,0
CUST010889,0
CUST019593,0
CUST015957,0
CUST015765,0
CUST019950,0
CUST002905,0
CUST014272,0
CUST007684,0
CUST012650,0
CUST016358,0
CUST017699,0
CUST019057,0
CUST008419,0
CUST007385,0
CUST012423,0
CUST007966,0
CUST003577,0
CUST004537,0
CUST019899,0
CUST011946,0
CUST006311,0
CUST010647,0
CUST000553,0
CUST016242,0
CUST018962,0
CUST017147,0
CUST001840,0
CUST001052,0
CUST018148,0
CUST002002,0
CUST001324,0
CUST009549,0
CUST004299,0
CUST017698,1
CUST007242,0
CUST004112,0
CUST003210,0
CUST002005,0
CUST012803,0
CUST014110,0
CUST016378,0
CUST008076,0
CUST008227,0
CUST017545,0
CUST016099,0
CUST019168,0
CUST016215,0
CUST004663,0
CUST000223,0
CUST010919,0
CUST019484,0
CUST009442,0
CUST008664,0
CUST000659,0
CUST003793,0
CUST005465,0
CUST011144,0
CUST011526,0
CUST005274,0
CUST003125,1
CUST014716,0
CUST017519,0
CUST015918,1
CUST012608,1
CUST009352,0
CUST003224,0
CUST017836,0
CUST019796,0
CUST001483,0
CUST013216,0
CUST007266,0
CUST002201,0
CUST005841,0
CUST015902,0
CUST019267,1
CUST014912,0
CUST017526,0
CUST006203,0
CUST016379,0
CUST000396,0
CUST018727,0
CUST014262,0
CUST004618,0
CUST009907,0
CUST003107,0
CUST013416,0
CUST014824,0
CUST015210,0
CUST003915,1
CUST001053,0
CUST000810,0
CUST013378,0
CUST008686,0
CUST007731,0
CUST013911,1
CUST016528,0
CUST007761,0
CUST006342,0
CUST016589,0
CUST000736,0
CUST008933,0
CUST014273,0
CUST015650,0
CUST003318,0
CUST015629,0
CUST013340,0
CUST012820,0
CUST018241,0
CUST012696,0
CUST004344,0
CUST008011,0
CUST001652,0
CUST007837,0
CUST018741,0
CUST004691,0
CUST016693,0
CUST019313,0
CUST007992,0
CUST005194,0
CUST005497,0
CUST008904,0
CUST006435,0
CUST010404,0
CUST016502,0
CUST001412,0
CUST017943,0
CUST006008,0
CUST019875,0
CUST003127,0
CUST002866,0
CUST003522,0
CUST015327,0
CUST014887,0
CUST008816,0
CUST003153,0
CUST019687,1
CUST014104,0
CUST013358,0
CUST000680,1
CUST009100,0
CUST002830,0
CUST014015,0
CUST000033,0
CUST008368,0
CUST005234,0
CUST013556,1
CUST006591,0
CUST005254,1
CUST017972,0
CUST000161,0
CUST000991,0
CUST006817,0
CUST014948,0
CUST015998,0
CUST010668,0
CUST016122,0
CUST004971,1
CUST011407,1
CUST017998,0
CUST014513,1
CUST000268,0
CUST004449,0
CUST004365,0
CUST016748,0
CUST009709,0
CUST002163,0
CUST013440,0
CUST012511,0
CUST006020,1
CUST015536,0
CUST019594,0
CUST010654,0
CUST010700,0
CUST018855,1
CUST013036,0
CUST014282,0
CUST012699,0
CUST015688,0
CUST007131,0
CUST000505,0
CUST009455,1
CUST012272,1
CUST007821,0
CUST009105,0
CUST004083,0
CUST006587,0
CUST009581,0
CUST018956,0
CUST017252,0
CUST018125,1
CUST015618,0
CUST011516,0
CUST013424,0
CUST000864,0
CUST017696,0
CUST015267,0
CUST014227,0
CUST016916,0
CUST012655,0
CUST000446,0
CUST017180,0
CUST009953,0
CUST019781,0
CUST003654,1
CUST012146,0
CUST013607,0
CUST000546,1
CUST003464,0
CUST004324,0
CUST016257,0
CUST009193,0
CUST008093,0
CUST019388,0
CUST004040,0
CUST007135,0
CUST010856,0
CUST002787,0
CUST011763,0
CUST016785,0
CUST005638,0
CUST018563,0
CUST005885,0
CUST019857,0
CUST018952,0
CUST005206,0
CUST009399,0
CUST014140,0
CUST019008,0
CUST006438,0
CUST006616,0
CUST014445,1
CUST015713,0
CUST010096,1
CUST001836,0
CUST015730,0
CUST017168,0
CUST008627,1
CUST007022,0
CUST016308,0
CUST003690,0
CUST017567,0
CUST008056,0
CUST018912,0
CUST014446,0
CUST003207,0
CUST003659,1
CUST015938,0
CUST018447,0
CUST012637,0
CUST010776,0
CUST009756,0
CUST018970,1
CUST013402,0
CUST006819,0
CUST003285,0
CUST017099,0
CUST005056,0
CUST018819,1
CUST005396,0
CUST001551,0
CUST009079,0
CUST009252,0
CUST012629,0
CUST015228,1
CUST003911,0
CUST019203,0
CUST011856,0
CUST002707,0
CUST016255,0
CUST014212,0
CUST004874,1
CUST010616,0
CUST000022,0
CUST006660,0
CUST008184,0
CUST017122,0
CUST013160,0
CUST010037,0
CUST009089,0
CUST018523,0
CUST012638,0
CUST013581,1
CUST007378,1
CUST007891,0
CUST001359,0
CUST008436,0
CUST004485,0
CUST008496,0
CUST012838,0
CUST016222,0
CUST000775,0
CUST019646,0
CUST017412,0
CUST001445,0
CUST002195,0
CUST011383,0
CUST019170,0
CUST011344,0
CUST001559,0
CUST013136,0
CUST007844,0
CUST002329,0
CUST005039,0
CUST005347,0
CUST019971,0
CUST019789,1
CUST012471,0
CUST014240,0
CUST011392,0
CUST004898,0
CUST014510,1
CUST012996,0
CUST017185,0
CUST003835,0
CUST000125,0
CUST007753,0
CUST012148,1
CUST013111,0
CUST008671,0
CUST014919,0
CUST016901,1
CUST006370,0
CUST000376,0
CUST001011,1
CUST002861,0
CUST016189,0
CUST013531,1
CUST010952,0
CUST015469,0
CUST009459,0
CUST015120,0
CUST008403,0
CUST019522,0
CUST002603,0
CUST013108,1
CUST001469,0
CUST014639,1
CUST018073,0
CUST015500,0
CUST010289,1
CUST008931,0
CUST004447,0
CUST006502,0
CUST004559,1
CUST009047,0
CUST010631,0
CUST003563,0
CUST000510,0
CUST003269,0
CUST019541,0
CUST006515,1
CUST008113,0
CUST016938,0
CUST012635,0
CUST010537,0
CUST012485,0
CUST018773,0
CUST013978,0
CUST015584,0
CUST010423,0
CUST009539,0
CUST015453,0
CUST010473,0
CUST016990,0
CUST002134,0
CUST014898,0
CUST011910,0
CUST010101,0
CUST018589,0
CUST011224,0
CUST007903,1
CUST004398,0
CUST012620,0
CUST015671,0
CUST018775,0
CUST016040,0
CUST013985,0
CUST008851,0
CUST009130,0
CUST008513,0
CUST002765,0
CUST008493,1
CUST001421,0
CUST017442,1
CUST012799,0
CUST002467,0
CUST000844,0
CUST008629,0
CUST013972,0
CUST005821,0
CUST002503,1
CUST009647,0
CUST016636,0
CUST012812,0
CUST014268,1
CUST006690,0
CUST017132,0
CUST009188,0
CUST002927,0
CUST018042,0
CUST007253,0
CUST019075,0
CUST008900,0
CUST017606,0
CUST001307,0
CUST015027,0
CUST016996,0
CUST006225,0
CUST011466,1
CUST014630,0
CUST018565,0
CUST000375,0
CUST015486,0
CUST006598,0
CUST008004,0
CUST005705,1
CUST014261,0
CUST019460,1
CUST004509,0
CUST013423,0
CUST007209,0
CUST008918,0
CUST006170,0
CUST001742,1
CUST008475,0
CUST002159,1
CUST000153,1
CUST002769,0
CUST017398,0
CUST013466,0
CUST008684,0
CUST000676,1
CUST018612,1
CUST014057,0
CUST013140,0
CUST017463,0
CUST016727,0
CUST005009,0
CUST009652,0
CUST018658,0
CUST008552,0
CUST010314,1
CUST001371,0
CUST004876,0
CUST011886,0
CUST001356,1
CUST018043,0
CUST008072,0
CUST019117,0
CUST004901,0
CUST015669,0
CUST012932,0
CUST009517,0
CUST018497,0
CUST003538,0
CUST017393,0
CUST001167,0
CUST006182,0
CUST005068,0
CUST016758,0
CUST005380,0
CUST019455,0
CUST014963,0
CUST007098,0
CUST009548,0
CUST005287,0
CUST002562,0
CUST004460,0
CUST001596,1
CUST012253,0
CUST000707,0
CUST017142,0
CUST016855,0
CUST005782,0
CUST013863,0
CUST003704,0
CUST002663,0
CUST000652,1
CUST005364,0
CUST004430,0
CUST016375,0
CUST010954,0
CUST006233,0
CUST019183,0
CUST019234,1
CUST005766,0
CUST014968,0
CUST018172,0
CUST012119,0
CUST010215,0
CUST002767,0
CUST005457,0
CUST006610,0
CUST009682,0
CUST013778,0
CUST004229,0
CUST017462,0
CUST012657,0
CUST017904,0
CUST019176,0
CUST008459,1
CUST000008,0
CUST001465,0
CUST016277,1
CUST005468,1
CUST015758,0
CUST007595,0
CUST011630,0
CUST013012,0
CUST000401,0
CUST015459,0
CUST006137,0
CUST003326,0
CUST002611,0
CUST005079,0
CUST011838,0
CUST010072,0
CUST016469,1
CUST003748,0
CUST007201,1
CUST019152,0
CUST014556,0
CUST008048,1
CUST000825,0
CUST002908,0
CUST013897,1
CUST015434,0
CUST012078,0
CUST003093,0
CUST006196,0
CUST011111,0
CUST017619,1
CUST009274,0
CUST015308,0
CUST018585,0
CUST016925,0
CUST012028,0
CUST001499,0
CUST001395,0
CUST002349,0
CUST008219,1
CUST011977,0
CUST016713,0
CUST010722,1
CUST005057,0
CUST011440,0
CUST007569,0
CUST006993,0
CUST005435,1
CUST005025,1
CUST007170,0
CUST019172,0
CUST008854,0
CUST004308,1
CUST019870,0
CUST006176,0
CUST012834,0
CUST019263,0
CUST016145,0
CUST015421,0
CUST018518,1
CUST004359,0
CUST019192,0
CUST009927,0
CUST015670,1
CUST002311,0
CUST009483,0
CUST009476,0
CUST004187,0
CUST015129,1
CUST016843,0
CUST010990,0
CUST018452,0
CUST004438,0
CUST015499,0
CUST009698,0
CUST009535,0
CUST011062,0
CUST004179,0
CUST007729,0
CUST015293,0
CUST014049,0
CUST007112,0
CUST002132,0
CUST019970,0
CUST007934,0
CUST019110,0
CUST013139,0
CUST007303,0
CUST003019,0
CUST014831,1
CUST003988,0
CUST005342,0
CUST007023,0
CUST015909,0
CUST010756,0
CUST013355,0
CUST005660,0
CUST013419,0
CUST000523,0
CUST002642,0
CUST001260,0
CUST003622,0
CUST009468,0
CUST014884,0
CUST016229,0
CUST000718,1
CUST010671,0
CUST014865,1
CUST006570,0
CUST019279,0
CUST002396,0
CUST012474,0
CUST012793,0
CUST013011,0
CUST017016,0
CUST013254,0
CUST000954,0
CUST011065,0
CUST015457,0
CUST019838,0
CUST004856,0
CUST016289,0
CUST018954,0
CUST014821,1
CUST000638,0
CUST013602,0
CUST001845,1
CUST005252,0
CUST017695,0
CUST015558,0
CUST000822,0
CUST006266,1
CUST013137,0
CUST011262,1
CUST004513,0
CUST012032,1
CUST005512,0
CUST005776,0
CUST000694,0
CUST002242,0
CUST003494,0
CUST016422,0
CUST002772,0
CUST000496,0
CUST017872,0
CUST011313,0
CUST005612,0
CUST006166,0
CUST010677,0
CUST012170,0
CUST001895,0
CUST008818,0
CUST013044,1
CUST006848,0
CUST014134,0
CUST008086,0
CUST013601,0
CUST004070,0
CUST019378,0
CUST015232,0
CUST015659,0
CUST015928,1
CUST014599,0
CUST003546,1
CUST001414,0
CUST003932,0
CUST010755,0
CUST016927,0
CUST019462,0
CUST006135,0
CUST007967,0
CUST015161,0
CUST010772,1
CUST015303,0
CUST011539,0
CUST016857,0
CUST008979,0
CUST006630,0
CUST007859,0
CUST014952,0
CUST013647,0
CUST016453,0
CUST015169,0
CUST013555,0
CUST017003,0
CUST008674,1
CUST009832,0
CUST001056,0
CUST007971,0
CUST009707,0
CUST008530,1
CUST017957,0
CUST005029,0
CUST009788,0
CUST000045,1
CUST001582,0
CUST005901,0
CUST011931,0
CUST001655,0
CUST016845,0
CUST003302,1
CUST004236,0
CUST003314,0
CUST012510,0
CUST004756,0
CUST017498,1
CUST017038,0
CUST003335,0
CUST005951,0
CUST006304,0
CUST016892,0
CUST002516,0
CUST019638,0
CUST009072,0
CUST005690,0
CUST004061,0
CUST008273,1
CUST012174,0
CUST006301,0
CUST005912,0
CUST004458,1
CUST008963,0
CUST008862,0
CUST009780,1
CUST004807,0
CUST010377,0
CUST013481,0
CUST015304,0
CUST019849,0
CUST015535,0
CUST004091,0
CUST017518,0
CUST009368,0
CUST013408,0
CUST006617,0
CUST005724,0
CUST014501,0
CUST007226,0
CUST001124,0
CUST014881,0
CUST015965,0
CUST008540,0
CUST019733,0
CUST005527,0
CUST016151,0
CUST005133,0
CUST009929,0
CUST002318,0
CUST017841,0
CUST016438,0
CUST018996,0
CUST006222,1
CUST014672,0
CUST006006,0
CUST012223,0
CUST014713,0
CUST002129,0
CUST009566,0
CUST015191,0
CUST004443,0
CUST015385,0
CUST018713,0
CUST018551,0
CUST008526,0
CUST005445,1
CUST004533,1
CUST004927,0
CUST018418,1
CUST005898,0
CUST005799,0
CUST015931,1
CUST005469,0
CUST008326,0
CUST011848,0
CUST015843,1
CUST006241,0
CUST002296,1
CUST004002,0
CUST014858,0
CUST015984,0
CUST002074,0
CUST018478,0
CUST014137,0
CUST004984,0
CUST014114,0
CUST009534,0
CUST005707,0
CUST018068,0
CUST017011,0
CUST008483,1
CUST015708,0
CUST000218,0
CUST019884,0
CUST017457,0
CUST015320,0
CUST001319,0
CUST005675,0
CUST014287,0
CUST013501,0
CUST018964,0
CUST010610,1
CUST015941,1
CUST009474,0
CUST000456,0
CUST018649,0
CUST004502,0
CUST014522,0
CUST018349,0
CUST009365,0
CUST014876,0
CUST003117,0
CUST007220,0
CUST017582,0
CUST007849,0
CUST010028,0
CUST007576,0
CUST011491,0
CUST000196,0
CUST001183,0
CUST014535,0
CUST012722,0
CUST011913,0
CUST019786,1
CUST005526,0
CUST016699,1
CUST011159,0
CUST019295,0
CUST017286,0
CUST001739,0
CUST015442,0
CUST006586,0
CUST012734,0
CUST015245,0
CUST005733,0
CUST015494,0
CUST011171,0
CUST003020,0
CUST002285,0
CUST011803,1
CUST017843,0
CUST011326,0
CUST002487,0
CUST018796,0
CUST010458,0
CUST002302,0
CUST001827,0
CUST009073,0
CUST007236,1
CUST018824,0
CUST001066,0
CUST017397,1
CUST013060,0
CUST019070,0
CUST013291,0
CUST004690,0
CUST000970,0
CUST016998,1
CUST019793,0
CUST015095,0
CUST004250,0
CUST002004,0
CUST010298,0
CUST010368,1
CUST016140,0
CUST013047,0
CUST008647,0
CUST003647,0
CUST010164,0
CUST012628,0
CUST009464,0
CUST004740,0
CUST019470,0
CUST006845,0
CUST019413,0
CUST010370,0
CUST011596,0
CUST006808,0
CUST015256,0
CUST007892,0
CUST017673,0
CUST013760,0
CUST010891,0
CUST019122,0
CUST003878,0
CUST003370,0
CUST013471,1
CUST014715,0
CUST018194,0
CUST001601,0
CUST019746,1
CUST019359,0
CUST001016,0
CUST011142,0
CUST009447,0
CUST016274,0
CUST012592,0
CUST002718,0
CUST002880,0
CUST011066,0
CUST013590,0
CUST016479,0
CUST010617,0
CUST002701,0
CUST007820,0
CUST003653,0
CUST013706,0
CUST004816,0
CUST009572,1
CUST003473,0
CUST015548,0
CUST003923,0
CUST014241,0
CUST001844,0
CUST010065,1
CUST001370,0
CUST002809,0
CUST018652,0
CUST011232,0
CUST015573,0
CUST007138,0
CUST008000,0
CUST008567,0
CUST018779,0
CUST003053,0
CUST010715,0
CUST017032,0
CUST010753,0
CUST008016,0
CUST010748,0
CUST008190,0
CUST017562,0
CUST004786,0
CUST009558,0
CUST010724,0
CUST001871,0
CUST019905,0
CUST009869,0
CUST013996,0
CUST003150,0
CUST004795,0
CUST015138,0
CUST015416,0
CUST006596,0
CUST006445,0
CUST018580,0
CUST002436,0
CUST000403,0
CUST007685,0
CUST006939,1
CUST017364,0
CUST016072,0
CUST014230,0
CUST018086,0
CUST009947,0
CUST008350,1
CUST002049,0
CUST010538,0
CUST012180,0
CUST010899,1
CUST014785,0
CUST004721,0
CUST008230,1
CUST008029,1
CUST011041,0
CUST009426,0
CUST018904,0
CUST015898,0
CUST009404,0
CUST009886,0
CUST000860,0
CUST014041,0
CUST019563,0
CUST006455,1
CUST004541,0
CUST000611,0
CUST007146,0
CUST006927,0
CUST006858,0
CUST005115,0
CUST005231,0
CUST009394,0
CUST008595,0
CUST010779,0
CUST018106,1
CUST005560,0
CUST014801,0
CUST011339,0
CUST002762,0
CUST004136,0
CUST003407,0
CUST003750,1
CUST009248,0
CUST018060,0
CUST016959,0
CUST017026,0
CUST012982,0
CUST011546,0
CUST009269,0
CUST003864,0
CUST009822,0
CUST009595,0
CUST014090,0
CUST011241,0
CUST005650,0
CUST012863,0
CUST004252,0
CUST018020,0
CUST010643,1
CUST019582,0
CUST008193,0
CUST010682,0
CUST007459,0
CUST012736,0
CUST014218,0
CUST003140,1
CUST001125,0
CUST010956,0
CUST014312,0
CUST000213,1
CUST019830,0
CUST012984,1
CUST017608,0
CUST008225,0
CUST012797,0
CUST010900,0
CUST007801,1
CUST006609,0
CUST016847,0
CUST012123,0
CUST013279,0
CUST014958,0
CUST014343,0
CUST007824,0
CUST003295,0
CUST004735,0
CUST017537,0
CUST002221,0
CUST004182,1
CUST005825,0
CUST012680,0
CUST012169,0
CUST003043,0
CUST015623,1
CUST015355,0
CUST008367,0
CUST018883,0
CUST016455,0
CUST013757,0
CUST013215,0
CUST015649,0
CUST008407,0
CUST014534,0
CUST018718,0
CUST012912,0
CUST009830,0
CUST003501,1
CUST014444,0
CUST016411,0
CUST011314,0
CUST002455,0
CUST001491,0
CUST006070,1
CUST006383,0
CUST012499,0
CUST012040,0
CUST015275,0
CUST015131,0
CUST007408,0
CUST001809,0
CUST016442,0
CUST007142,0
CUST004849,0
CUST003806,0
CUST010574,0
CUST011403,1
CUST010850,0
CUST014175,1
CUST002913,0
CUST009155,0
CUST008226,0
CUST000708,0
CUST016905,1
CUST002352,0
CUST003410,0
CUST015640,0
CUST016859,0
CUST004504,0
CUST006706,0
CUST005215,0
CUST012438,0
CUST018476,0
CUST001591,0
CUST003948,0
CUST019476,0
CUST000089,0
CUST008621,0
CUST006187,1
CUST019695,0
CUST011859,1
CUST010428,0
CUST004442,0
CUST000302,0
CUST008173,0
CUST019453,0
CUST011460,0
CUST017595,0
CUST002965,0
CUST005027,0
CUST010277,0
CUST009727,0
CUST014810,0
CUST007425,0
CUST009349,0
CUST004317,0
CUST013174,0
CUST016009,0
CUST005076,0
CUST009224,1
CUST013470,0
CUST019289,0
CUST003255,1
CUST014736,0
CUST007722,0
CUST003026,0
CUST011934,0
CUST019896,0
CUST000024,0
CUST003611,1
CUST017605,0
CUST000187,0
CUST002597,0
CUST016684,0
CUST018787,0
CUST002348,0
CUST006424,0
CUST002169,0
CUST005972,0
CUST018377,0
CUST000506,0
CUST013486,0
CUST006263,0
CUST017895,0
CUST006102,0
CUST017310,0
CUST010036,0
CUST015317,0
CUST016031,0
CUST003394,0
CUST001996,0
CUST007541,0
CUST001989,1
CUST009612,0
CUST016584,1
CUST006670,0
CUST018191,0
CUST010168,0
CUST015391,0
CUST010812,0
CUST009739,0
CUST019659,1
CUST015208,0
CUST012723,0
CUST012079,0
CUST004675,0
CUST017925,0
CUST006760,0
CUST005892,0
CUST007026,0
CUST012822,0
CUST007693,0
CUST004727,0
CUST003381,0
CUST007139,1
CUST002737,0
CUST018009,1
CUST011906,0
CUST005158,1
CUST011966,1
CUST012583,0
CUST019858,1
CUST009553,0
CUST016724,0
CUST008070,0
CUST007630,0
CUST013890,1
CUST003137,0
CUST011484,0
CUST007363,0
CUST007375,0
CUST014836,0
CUST003254,0
CUST003121,1
CUST009661,0
CUST005145,0
CUST002219,0
CUST005792,0
CUST005464,0
CUST008624,0
CUST000597,0
CUST012659,0
CUST007547,0
CUST003752,0
CUST018916,0
CUST019740,1
CUST013236,1
CUST013008,0
CUST017535,0
CUST008378,0
CUST015225,0
CUST018404,0
CUST013478,0
CUST017007,0
CUST008599,0
CUST001567,0
CUST003089,0
CUST003851,0
CUST010114,0
CUST010694,0
CUST019053,0
CUST003580,0
CUST005520,0
CUST013503,0
CUST002084,0
CUST012920,0
CUST019919,0
CUST018814,0
CUST009997,0
CUST013935,0
CUST000720,0
CUST007004,1
CUST003545,0
CUST008263,0
CUST011483,0
CUST000009,1
CUST004168,0
CUST002020,0
CUST006549,0
CUST000102,0
CUST004113,0
CUST016775,0
CUST013648,0
CUST006998,0
CUST013518,0
CUST000984,0
CUST019336,0
CUST017419,0
CUST015964,0
CUST006938,0
CUST006119,0
CUST002747,0
CUST010881,0
CUST003572,1
CUST003540,0
CUST011797,0
CUST002180,0
CUST015436,0
CUST009782,0
CUST019393,1
CUST002453,0
CUST009171,0
CUST011021,0
CUST007539,0
CUST015517,1
CUST009391,1
CUST002935,0
CUST000070,0
CUST013007,0
CUST015711,0
CUST002425,0
CUST009431,0
CUST005934,0
CUST009405,0
CUST018619,0
CUST001771,0
CUST004890,0
CUST012914,0
CUST019607,1
CUST012526,0
CUST012560,0
CUST016683,0
CUST004323,0
CUST017979,0
CUST009103,0
CUST008366,0
CUST010552,1
CUST009586,0
CUST007647,1
CUST010840,0
CUST010861,0
CUST008922,1
CUST014439,0
CUST009258,0
CUST001856,0
CUST001361,0
CUST015729,0
CUST001399,1
CUST001855,1
CUST013282,0
CUST004471,0
CUST012910,0
CUST017858,0
CUST015471,0
CUST017804,1
CUST017368,0
CUST019457,0
CUST001678,1
CUST018184,0
CUST013261,0
CUST005805,0
CUST001744,0
CUST012878,0
CUST010302,0
CUST011182,0
CUST009225,0
CUST016214,0
CUST008930,0
CUST001405,0
CUST002640,0
CUST011130,1
CUST002875,0
CUST017317,0
CUST010684,0
CUST005622,1
CUST019065,0
CUST012250,0
CUST018669,0
CUST011431,0
CUST002635,0
CUST000717,0
CUST011410,0
CUST013947,0
CUST009167,0
CUST017944,0
CUST014536,0
CUST004162,1
CUST018466,0
CUST013751,0
CUST018347,1
